<?xml version="1.0"?>
<TemplateManager>
	<Page Name="Home" PageGUID="085712D3-1CF5-4E5D-83BE-967F40F22699" />
	<Page Name="Menu Selection" PageGUID="922D2598-41EA-4F4D-B9B6-8A210BF5FAB3" />
	<Page Name="About Model" PageGUID="CE57B29B-B66B-4DE1-A798-EB8D9FB92312" />
	<Page Name="Data Upload" PageGUID="F074DB72-9068-44D9-A915-421F2D9C9F90" />
	<Page Name="Optimize" PageGUID="BCB1D5D9-2922-40ED-80D1-198D5F1D41DD" />
	<Page Name="Output" PageGUID="07D15EC7-5FCB-483F-9502-CB4C33DBDA92" />
	<Page Name="Scenario Analysis" PageGUID="3C2F3A20-64EB-4252-A4B5-FBB904ED07CC" />
	<Page Name="Data check" PageGUID="E1CC9D87-C88F-47DA-88B8-7C855ECEACF8" />
	<Page Name="IBRM Input" PageGUID="C601B931-2BF5-45B8-82E3-87BD4F258E4B" />
	<Page Name="Sinter Plant Constraint" PageGUID="B2E2E75D-2804-4840-9712-9115FC46831F" />
	<Page Name="Pellet Plant Constraint" PageGUID="AAEBD8B5-F03A-415F-9328-5B0F9FEDB66E" />
	<Page Name="Coal Input" PageGUID="3A904B30-AC08-47FE-BF31-B117274F3FB2" />
	<Page Name="Coke Plant Constraint" PageGUID="E6438606-4EB2-47CE-BC55-801A1B38AB30" />
	<Page Name="Blast Furnace Plant Constraint" PageGUID="E0D71112-4AFB-493E-9B75-9A4985D8C707" />
	<Page Name="Summary" PageGUID="6D714C81-C731-480C-9011-9D4164BEAA33" />
	<Page Name="Sinter Plant" PageGUID="727575AC-52C6-4368-A9A8-A8FDBE669ED6" />
	<Page Name="Debug" PageGUID="F0C3094E-85E7-4DD3-AC4D-9C34B47F165B" />
	<Page Name="Pellet Plant" PageGUID="4F4FE0A7-8BD3-45F0-B1D9-0D9C7AA89C4A" />
	<Page Name="BF" PageGUID="433B2FEE-E193-4289-ACEF-7222F406D8B1" Marked="true" />
	<Page Name="Coke Plant" PageGUID="96CFE691-1632-454C-B228-652AA75E4593" />
	<Page Name="Coke-Plant" PageGUID="3E5E33ED-7417-4703-9D27-8A53AE009D0C" />
	<Page Name="Summary1" PageGUID="29CF5C83-47EE-40C5-B0C9-FD700953BC3D" />
	<Page Name="Sinter-Plant" PageGUID="E743D4DD-E90B-410C-AAC2-1426486F3B23" />
	<Page Name="Pellet-Plant" PageGUID="35EA8A0C-2251-4607-8B51-9BEEC8F73D25" />
	<Page Name="Blast Furnace Plant" PageGUID="4B1ECE41-7B80-486F-88AE-D1A71E78935D" />
	<Page Name="BF-Plant" PageGUID="F587DA0F-D10C-40BC-851F-2B9EF4DDE431" Marked="true" />
	<Page Name="All Data Pages" PageGUID="6A38201C-5E7A-4736-A295-806A0128D674" />
	<Page Name="[Data Page] sinter_c_data" PageGUID="ECD07BC0-9467-4508-84AC-2A413E6BCD90" />
	<Page Name="[Data Page] pellet_ore_quantity" PageGUID="32526E95-D56F-4C6B-B4B5-E2612539CE34" />
	<Page Name="[Data Page] bf_c_data" PageGUID="ADF2C9A8-16A1-49C2-A8B2-3E37F22B8E03" />
	<Page Name="[Data Page] coal_data" PageGUID="9B3F6F8C-590A-4C5D-93E2-DB1BDBE99606" />
	<Page Name="[Data Page] pellet_c_data" PageGUID="BD1B01F3-F529-4A55-8F2D-206B2239E536" />
	<Page Name="[Data Page] pellet_dispatch" PageGUID="E204975A-0ECE-4655-96F8-7AE0607D5F02" Marked="true" />
	<Page Name="[Data Page] burden_mix_dispatch" PageGUID="91D73352-1D98-45A3-9F50-485A8E0F67DA" Marked="true" />
	<Page Name="[Data Page] pellet_fluxes_quantity" PageGUID="744526C1-726E-46BC-BD4C-2B921854756C" />
	<Page Name="[Data Page] pellet_specs" PageGUID="C6313BA5-C2B4-4C12-88A4-50B800856E7E" />
	<Page Name="[Data Page] pel_dum" PageGUID="69FB3C33-C390-4354-B1A6-2BFA046F682A" Marked="true" />
	<Page Name="[Data Page] pellet_specs_flux" PageGUID="B9B39C6F-66C2-4970-AE9F-A0BD03B3EA3C" />
	<Page Name="[Data Page] pellet_specs_ore" PageGUID="C4C18CF6-C7F1-47A1-AA37-51CC80B63FE1" />
	<Page Name="[Data Page] pellet_fluxes_loi_quantity" PageGUID="590ABA49-9A1B-45BC-B41E-C6F826BB7355" />
	<Page Name="[Data Page] pellet_ore_loi_quantity" PageGUID="531D5289-A806-464D-A6F9-1C9FB6D393DE" />
	<Page Name="[Data Page] bf_specs_dummy" PageGUID="A2075F41-A625-407B-8C60-EEBCFC3C5D0B" Marked="true" />
	<Page Name="[Data Page] pellet_specs_bf1" PageGUID="826AEC2D-65B6-4AB6-AFF9-822096B22BB9" />
	<Page Name="[Data Page] pellet_specs_bf2" PageGUID="C730D335-D4BA-4F3F-997C-82BE6681273F" />
	<Page Name="[Data Page] pellet_produced_ton" PageGUID="574B46FB-3DEE-4A0C-BA5A-4511E112C43A" />
	<Page Name="[Data Page] pellet_ore_dry_quantity" PageGUID="A64701D0-32C6-4D8D-9D5E-7CD0ED1B9A66" />
	<Page Name="[Data Page] Output_pellet_ore_ratio_2" PageGUID="73F7F57C-F8A6-4BB0-9694-15F2492B51DA" />
	<Page Name="[Data Page] Output_pellet_Fluxes_2" PageGUID="6139FB46-83B8-486A-A052-8ED185FF931D" />
	<Page Name="[Data Page] Output_pellet_specs" PageGUID="95D4FE53-B994-4ACA-AAF1-A7DFAAC0AD92" />
	<Page Name="[Data Page] Output_pellet_ore_quantity" PageGUID="0BC13737-7E49-4999-BF54-AAB6FFAD1687" />
	<Page Name="[Data Page] output_pellet_ore" PageGUID="9BB07679-A8E9-4E1F-9668-D29FA7F2CFAA" />
	<Page Name="[Data Page] output_pellet_flux" PageGUID="9053AE89-BFB0-4DCD-A0FB-AB7495438EFB" />
	<Page Name="[Data Page] output_bf_sinter_2" PageGUID="9B319EC1-8507-4E73-B7D6-F828A1B00430" />
	<Page Name="[Data Page] output_bf_pellet_2" PageGUID="7EF62F04-0B97-4F01-8923-4CF4E0A515FB" />
	<Page Name="[Data Page] output_bf_ore_2" PageGUID="ECAFDD57-95DB-45F1-AD0B-3FC1331B71C2" />
	<Page Name="[Data Page] Output_pellet_flux_ratio_2" PageGUID="26B49D33-E62F-4BEE-A4E7-964ACE5FEC68" />
	<Page Name="[Data Page] pellet_ore_blend_data" PageGUID="0EC01D5B-2A34-4B47-B10F-50FF9990A697" />
	<Page Name="[Data Page] pellet_flux_blend_data" PageGUID="02A5288C-831B-457F-959E-AFB87CE38CC2" />
	<Page Name="[Data Page] sinter_ore_blend_data" PageGUID="2CFFA778-A033-4D79-829D-207FDEC9337D" />
	<Page Name="[Data Page] sinter_flux_blend_data" PageGUID="58D5AF51-C765-4934-989E-535579BEC6C9" />
	<Page Name="[Data Page] Output_pellet_ore_quantity_2" PageGUID="29E87349-094A-4F7A-B186-6B79E9F78CBF" />
	<Page Name="[Data Page] sinter_ibrm_table" PageGUID="646F176C-5FD3-4AFB-9763-A58A95EA0250" />
	<Page Name="[Data Page] output_pellet_ibrm_table" PageGUID="530F32B7-A431-41D3-829B-8B62BA2CAFA9" />
	<Page Name="[Data Page] pellet_constraints_data" PageGUID="3F0AC10B-E6E8-48BC-BD82-BB92FC5CE5A5" />
	<Page Name="[Data Page] bf_constraints_data" PageGUID="387EAB22-C514-46EB-8BAB-ABF16A3CDE47" />
	<Page Name="[Data Page] sinter_constraints_data" PageGUID="1844773F-C134-4378-A897-3C1FACC94B6D" />
	<Page Name="[Data Page] output_elemental_balance_sinter" PageGUID="0E5830F5-D56E-4777-8F87-691F969113E0" />
	<Page Name="[Data Page] output_elemental_balance_sinter_flux" PageGUID="D63DC41E-42D9-41B3-9BD4-F7981C81463F" />
	<Page Name="[Data Page] output_elemental_balance_sinter_total" PageGUID="EFE03AAD-05DD-4FCB-86E0-68E3D62A6AED" />
	<Page Name="[Data Page] output_elemental_balance_pellet" PageGUID="C582A7AE-54BA-436E-B3B3-0FF622FBE8E2" />
	<Page Name="[Data Page] flux_check" PageGUID="87A170CD-67E2-4134-AF93-E44EFDC73718" />
	<Page Name="[Data Page] asafwa" PageGUID="744670CA-CFBB-4059-88BB-05DB0E51DCDF" Marked="true" />
	<Page Name="[Data Page] asfwaf" PageGUID="EA218571-9081-423B-AFBB-F4AC56BC33F8" Marked="true" />
	<Page Name="[Data Page] output_bf_ore_breakdown" PageGUID="F4D8A913-7ED9-4957-81AE-4146D15691A4" />
	<Page Name="[Data Page] bf_ore_blend_data" PageGUID="378B71F7-2D87-4D1A-96F9-36E60AE10AFF" />
</TemplateManager>
