<?xml version="1.0"?>
<Page Version="4000" TimeStamp="2020-01-30 07:52:35" NeedsCompiledModel="false">
	<PageEditSize Type="Inherited" />
	<ProjectUUID>F686E807-0E49-419F-97D6-5D78B49FEADF</ProjectUUID>
	<TemplatesTabOrderPosition>1</TemplatesTabOrderPosition>
	<Background Inherited="true" />
	<PageObject Type="Picture">
		<Location top="6" left="0" bottom="558" right="1080" />
		<FileName LiteralFileName="true">"MainProject\back1.JPG"</FileName>
		<Display>StretchOrShrink</Display>
		<Center>true</Center>
	</PageObject>
	<UsedReferences>
		<Model />
	</UsedReferences>
</Page>
