<?xml version="1.0"?>
<Page Version="4000" TimeStamp="2020-03-21 17:36:45">
	<PageEditSize Type="Inherited" />
	<ProjectUUID>F686E807-0E49-419F-97D6-5D78B49FEADF</ProjectUUID>
	<TemplatesTabOrderPosition>1</TemplatesTabOrderPosition>
	<Background Inherited="true" />
	<PageObject Type="Pivot Table">
		<Location top="126" left="0" bottom="414" right="498" />
		<TabOrder>1</TabOrder>
		<ObjectUUID>6C8895B1-6443-442D-8A46-A5569023F897</ObjectUUID>
		<Font GUID="00000000-0000-0000-0000-000000000001" Name="Main Font" />
		<Border Style="None" Width="1" MarginTop="5" MarginRight="5" MarginBottom="5" MarginLeft="5" />
		<Contents>
			<Explicit_Identifier>
				<Identifier ID="4110">output_Coal_Ratio( ct, cs )</Identifier>
				<Title ID="4120">" Unit %"</Title>
				<Format>
					<Decimal_Places ID="4312">1</Decimal_Places>
				</Format>
			</Explicit_Identifier>
			<Explicit_Identifier>
				<Title ID="4120">"KT/Months"</Title>
				<Format>
					<Decimal_Places ID="4312">1</Decimal_Places>
					<Show_1000_seperator ID="4313">"Yes"</Show_1000_seperator>
				</Format>
			</Explicit_Identifier>
			<Explicit_Identifier>
				<Title ID="4120">"KT/Year"</Title>
				<Format>
					<Decimal_Places ID="4312">0</Decimal_Places>
					<Show_1000_seperator ID="4313">"Yes"</Show_1000_seperator>
				</Format>
			</Explicit_Identifier>
		</Contents>
		<Indices>
			<Explicit_Index>
				<Index ID="6510">ct</Index>
				<Header_Title ID="6530">"Coal Type"</Header_Title>
			</Explicit_Index>
			<Explicit_Index>
				<Index ID="6510">bf_fluxes_specs</Index>
				<Header_Title ID="6530">"Coal Location"</Header_Title>
			</Explicit_Index>
			<Identifier_Index>
				<Header_Title ID="6230">""</Header_Title>
				<Colors>
					<Background_Color ID="6242">RGB 74ba29</Background_Color>
					<Text_Color ID="6240">33BB2465-9D09-4035-9765-4D4D12BABAAE white</Text_Color>
				</Colors>
				<Hide_if_Single_Identifier ID="6270">"No"</Hide_if_Single_Identifier>
			</Identifier_Index>
			<Case_Index>
				<Colors>
					<Background_Color ID="6342">RGB&lt;41,186,116&gt;</Background_Color>
				</Colors>
			</Case_Index>
		</Indices>
		<General>
			<Background_Color ExtraInfo="4C29CF98-3E51-4BAA-8563-90FCE3E3DF3B" ID="1010">"default background"</Background_Color>
			<Font ExtraInfo="00000000-0000-0000-0000-000000000001" ID="1030">"Main Font"</Font>
			<Dense_Aggregation_restricts_to_Domain ID="1022">"Yes"</Dense_Aggregation_restricts_to_Domain>
			<User_Modifications>
				<User_Dialog ID="1210">"Allowed"</User_Dialog>
				<Drag_Drop_Headers ID="1220">"Allowed"</Drag_Drop_Headers>
				<Open_Close_Tree_Nodes ID="1240">"Allowed"</Open_Close_Tree_Nodes>
				<Fixing_Elements_in_Rows_or_Columns ID="1225">"Allowed"</Fixing_Elements_in_Rows_or_Columns>
				<Index_Filtering ID="1243">"Allowed"</Index_Filtering>
				<Sorting_Rows_or_Columns ID="1235">"Allowed"</Sorting_Rows_or_Columns>
				<Reload_Layout_State ID="1241">"Allowed"</Reload_Layout_State>
				<Insert_Row_or_Column ID="1242">"Allowed"</Insert_Row_or_Column>
				<Delete_Row_or_Column ID="1244">"Allowed"</Delete_Row_or_Column>
			</User_Modifications>
			<Save_Layout_State>
				<By_Developer ID="1115">"When being Saved"</By_Developer>
				<Store_Entire_Tree_Layout ID="1110">1</Store_Entire_Tree_Layout>
			</Save_Layout_State>
		</General>
		<Row_Area>
			<Background_Color ID="2010">RGB&lt;255,255,255&gt;</Background_Color>
			<Text_Color ExtraInfo="9043B6BC-F2E6-4015-A940-74CD05E6AD57" ID="2020">"black"</Text_Color>
			<Headers>
				<Background_Color ID="2120">RGB&lt;41,186,116&gt;</Background_Color>
				<Text_Color ID="2130">RGB&lt;255,255,255&gt;</Text_Color>
				<Font ExtraInfo="00000000-0000-0000-0000-000000000001" ID="2145">"Main Font"</Font>
				<Show_Sub_Headers ID="2150">"No"</Show_Sub_Headers>
			</Headers>
			<Grid_Focus_Indicator>
				<Background_Color ID="2270">RGB&lt;255,255,255&gt;</Background_Color>
				<Text_Color ExtraInfo="9043B6BC-F2E6-4015-A940-74CD05E6AD57" ID="2280">"black"</Text_Color>
			</Grid_Focus_Indicator>
		</Row_Area>
		<Column_Area>
			<Headers>
				<Show_Sub_Headers ID="3150">"No"</Show_Sub_Headers>
			</Headers>
		</Column_Area>
		<Grid_Area>
			<Background_Color ID="5010">RGB&lt;255,255,255&gt;</Background_Color>
			<Selection>
				<Background_Color ID="5120">RGB&lt;255,255,255&gt;</Background_Color>
				<Text_Color ID="5130">RGB&lt;0,0,0&gt;</Text_Color>
			</Selection>
			<Aggregators>
				<Background_Color ID="5220">RGB&lt;255,128,128&gt;</Background_Color>
			</Aggregators>
			<Sub_Header_Row_or_Column>
				<Background_Color ID="5320">RGB&lt;255,255,200&gt;</Background_Color>
			</Sub_Header_Row_or_Column>
		</Grid_Area>
	</PageObject>
	<PageObject Type="Text">
		<Location top="108" left="18" bottom="132" right="258" />
		<StaticText>Iron Ore Fines Requirements</StaticText>
		<Font GUID="00000000-0000-0000-0000-000000000001" Name="Main Font" />
		<TextColor RGB="#29ba74" />
	</PageObject>
	<PageObject Type="Rectangle">
		<Location top="48" left="12" bottom="90" right="936" />
		<FillColor RGB="#197a56" />
		<LineColor RGB="#197a56" />
	</PageObject>
	<PageObject Type="Text">
		<Location top="54" left="324" bottom="84" right="570" />
		<StaticText>Coke Plant Output</StaticText>
		<Font GUID="00000000-0000-0000-0000-000000000001" Name="Main Font" />
		<TextColor RGB="#ffffff" />
	</PageObject>
	<PageObject Type="Button">
		<Location top="432" left="780" bottom="468" right="930" />
		<TabOrder>2</TabOrder>
		<LeaveOnEnter>false</LeaveOnEnter>
		<ButtonType>Text</ButtonType>
		<Title>"Summary Page"</Title>
		<Font GUID="00000000-0000-0000-0000-000000000001" Name="Main Font" />
		<ActionSequence>
			<Action Type="Run">
				<RunWhat>SpecificProcecure</RunWhat>
				<Procedure>selectreviewdata</Procedure>
				<AbortOnError>true</AbortOnError>
			</Action>
		</ActionSequence>
	</PageObject>
	<PageObject Type="Pivot Table">
		<Location top="192" left="576" bottom="330" right="924" />
		<TabOrder>3</TabOrder>
		<ObjectUUID>46530837-DACA-4443-A89A-75FEF147ACDF</ObjectUUID>
		<Font GUID="00000000-0000-0000-0000-000000000001" Name="Main Font" />
		<Border Style="None" Width="2" MarginTop="1" MarginRight="1" MarginBottom="1" MarginLeft="1" />
		<Contents>
			<Explicit_Identifier>
				<Identifier ID="4110">output_bf_flux_quantity( bfs )</Identifier>
				<Title ID="4120">"Unit %"</Title>
				<Format>
					<Decimal_Places ID="4312">2</Decimal_Places>
					<Show_1000_seperator ID="4313">"Yes"</Show_1000_seperator>
					<Alignment ID="4330">"Center"</Alignment>
				</Format>
				<Colors>
					<Text_Color ID="4165">RGB 9f4718</Text_Color>
					<Use_Colors_for_Updatable_Entries_Only ID="4166">0</Use_Colors_for_Updatable_Entries_Only>
				</Colors>
			</Explicit_Identifier>
		</Contents>
		<Indices>
			<Explicit_Index>
				<Index ID="6510">he</Index>
				<Header_Title ID="6530">"Properties"</Header_Title>
				<Colors>
					<Text_Color ID="6540">RGB 000000</Text_Color>
				</Colors>
			</Explicit_Index>
			<Identifier_Index>
				<Header_Title ID="6230">""</Header_Title>
				<Colors>
					<Background_Color ID="6242">RGB 9f4718</Background_Color>
					<Text_Color ID="6240">RGB ffffff</Text_Color>
				</Colors>
				<Column_Width ID="6255">bft2</Column_Width>
				<Hide_if_Single_Identifier ID="6270">"No"</Hide_if_Single_Identifier>
			</Identifier_Index>
		</Indices>
		<General>
			<Background_Color ID="1010">RGB&lt;255,255,255&gt;</Background_Color>
			<Font ExtraInfo="78D3D4D2-D2BC-4C37-8F28-00D6E0720349" ID="1030">"cam"</Font>
			<Dense_Aggregation_restricts_to_Domain ID="1022">"Yes"</Dense_Aggregation_restricts_to_Domain>
			<User_Modifications>
				<User_Dialog ID="1210">"Allowed"</User_Dialog>
				<Drag_Drop_Headers ID="1220">"Allowed"</Drag_Drop_Headers>
				<Open_Close_Tree_Nodes ID="1240">"Allowed"</Open_Close_Tree_Nodes>
				<Reload_Layout_State ID="1241">"Not Allowed"</Reload_Layout_State>
			</User_Modifications>
			<Save_Layout_State>
				<Store_Entire_Tree_Layout ID="1110">1</Store_Entire_Tree_Layout>
			</Save_Layout_State>
		</General>
		<Row_Area>
			<Layout ID="2008">"Indentation Mode"</Layout>
			<Text_Color ID="2020">RGB&lt;24,71,159&gt;</Text_Color>
			<Headers>
				<Background_Color ID="2120">RGB&lt;0,0,128&gt;</Background_Color>
				<Text_Color ID="2130">RGB&lt;255,255,255&gt;</Text_Color>
				<Show_Sub_Headers ID="2150">"No"</Show_Sub_Headers>
			</Headers>
			<Grid_Focus_Indicator>
				<Background_Color ID="2270">RGB&lt;0,0,168&gt;</Background_Color>
				<Text_Color ID="2280">RGB&lt;255,255,200&gt;</Text_Color>
			</Grid_Focus_Indicator>
		</Row_Area>
		<Column_Area>
			<Auto_resize_Column_Widths ID="3006">"Never"</Auto_resize_Column_Widths>
			<Headers>
				<Show_Sub_Headers ID="3150">"No"</Show_Sub_Headers>
			</Headers>
		</Column_Area>
		<Outer_Area>
			<Same_as_Row_Area ID="3505">"Yes"</Same_as_Row_Area>
			<Background_Color ID="3510">RGB&lt;0,0,128&gt;</Background_Color>
			<Text_Color ID="3520">RGB&lt;255,255,255&gt;</Text_Color>
		</Outer_Area>
		<Grid_Area>
			<Selection>
				<Background_Color ID="5120">RGB&lt;24,71,159&gt;</Background_Color>
			</Selection>
			<Aggregators>
				<Background_Color ID="5220">RGB&lt;255,128,128&gt;</Background_Color>
			</Aggregators>
			<Sub_Header_Row_or_Column>
				<Background_Color ID="5320">RGB&lt;255,255,200&gt;</Background_Color>
			</Sub_Header_Row_or_Column>
		</Grid_Area>
	</PageObject>
	<PageObject Type="Button">
		<Location top="432" left="132" bottom="468" right="342" />
		<TabOrder>1</TabOrder>
		<LeaveOnEnter>false</LeaveOnEnter>
		<ButtonType>Text</ButtonType>
		<Title>"Write Result"</Title>
		<Font GUID="2A210F3A-8F95-4798-A888-9936B8D34599" Name="Arial12b" />
		<ActionSequence>
			<Action Type="Run">
				<RunWhat>SpecificProcecure</RunWhat>
				<Procedure>Write_Result</Procedure>
				<AbortOnError>true</AbortOnError>
			</Action>
		</ActionSequence>
	</PageObject>
	<PageObject Type="Scalar">
		<Location top="336" left="126" bottom="396" right="336" />
		<TabOrder>2</TabOrder>
		<Font GUID="00000000-0000-0000-0000-000000000001" Name="Main Font" />
		<Border Style="InShadow" Width="2" MarginTop="5" MarginRight="5" MarginBottom="5" MarginLeft="5" />
		<BackgroundColor RGB="#ffffff" />
		<Layout>Text-Value</Layout>
		<SeparatorSign>=</SeparatorSign>
		<ExplicitIdentifier>
			<Identifier>optional_name</Identifier>
			<NumberFormat Width="15" Decimals="0" Alignment="Left" ShowDefaults="true" />
		</ExplicitIdentifier>
	</PageObject>
	<UsedReferences>
		<Model>
			<Symbol>*</Symbol>
			<Symbol>Write_Result</Symbol>
			<Symbol>bft2</Symbol>
			<Symbol>optional_name</Symbol>
			<Symbol>bf_fluxes_specs</Symbol>
			<Symbol>output_Coal_Ratio</Symbol>
			<Symbol>output_bf_flux_quantity</Symbol>
			<Symbol>selectreviewdata</Symbol>
			<Symbol>ct</Symbol>
			<Symbol>cs</Symbol>
			<Symbol>he</Symbol>
			<Symbol>bfs</Symbol>
		</Model>
	</UsedReferences>
</Page>
