<?xml version="1.0"?>
<Page Version="4000" TimeStamp="2022-03-02 05:56:13">
	<PageEditSize Type="Inherited" />
	<ProjectUUID>F686E807-0E49-419F-97D6-5D78B49FEADF</ProjectUUID>
	<TemplatesTabOrderPosition>1</TemplatesTabOrderPosition>
	<Background RGB="#ffffff" />
	<PageObject Type="Picture">
		<Location top="0" left="0" bottom="78" right="276" />
		<FileName LiteralFileName="true">"MainProject\logo.png"</FileName>
		<Display>StretchOrShrink</Display>
		<Center>true</Center>
	</PageObject>
	<PageObject Type="Text">
		<Location top="24" left="210" bottom="66" right="864" />
		<StaticText>Iron Zone optimization model - Blast Furnace Deep Dive</StaticText>
		<Alignment>Center</Alignment>
		<Font GUID="2DAC9622-117B-44C5-B858-5F5723D7A784" Name="cam14" />
		<TextColor RGB="#18479f" />
	</PageObject>
	<PageObject Type="Pivot Table">
		<Location top="774" left="42" bottom="1002" right="408" />
		<TabOrder>2</TabOrder>
		<ObjectUUID>FAEC0669-F88C-4D29-AC45-D7CFE3B4721C</ObjectUUID>
		<Font GUID="00000000-0000-0000-0000-000000000001" Name="Main Font" />
		<Border Style="None" Width="2" MarginTop="1" MarginRight="1" MarginBottom="1" MarginLeft="1" />
		<Contents>
			<Explicit_Identifier>
				<Identifier ID="4110">Output_hm_chemistry_2( he, bf_s )</Identifier>
				<Title ID="4120">"Unit %"</Title>
				<Format>
					<Decimal_Places ID="4312">2</Decimal_Places>
					<Show_1000_seperator ID="4313">"Yes"</Show_1000_seperator>
					<Alignment ID="4330">"Center"</Alignment>
				</Format>
				<Colors>
					<Text_Color ID="4165">RGB 9f4718</Text_Color>
					<Use_Colors_for_Updatable_Entries_Only ID="4166">0</Use_Colors_for_Updatable_Entries_Only>
				</Colors>
			</Explicit_Identifier>
		</Contents>
		<Indices>
			<Explicit_Index>
				<Index ID="6510">he</Index>
				<Header_Title ID="6530">"Properties"</Header_Title>
				<Colors>
					<Text_Color ID="6540">RGB 000000</Text_Color>
				</Colors>
			</Explicit_Index>
			<Identifier_Index>
				<Header_Title ID="6230">""</Header_Title>
				<Colors>
					<Background_Color ID="6242">RGB 9f4718</Background_Color>
					<Text_Color ID="6240">RGB ffffff</Text_Color>
				</Colors>
				<Column_Width ID="6255">bft2</Column_Width>
				<Hide_if_Single_Identifier ID="6270">"No"</Hide_if_Single_Identifier>
			</Identifier_Index>
		</Indices>
		<General>
			<Background_Color ID="1010">RGB&lt;255,255,255&gt;</Background_Color>
			<Font ExtraInfo="78D3D4D2-D2BC-4C37-8F28-00D6E0720349" ID="1030">"cam"</Font>
			<Dense_Aggregation_restricts_to_Domain ID="1022">"Yes"</Dense_Aggregation_restricts_to_Domain>
			<User_Modifications>
				<User_Dialog ID="1210">"Allowed"</User_Dialog>
				<Drag_Drop_Headers ID="1220">"Allowed"</Drag_Drop_Headers>
				<Open_Close_Tree_Nodes ID="1240">"Allowed"</Open_Close_Tree_Nodes>
				<Reload_Layout_State ID="1241">"Not Allowed"</Reload_Layout_State>
			</User_Modifications>
			<Save_Layout_State>
				<Store_Entire_Tree_Layout ID="1110">1</Store_Entire_Tree_Layout>
			</Save_Layout_State>
		</General>
		<Row_Area>
			<Layout ID="2008">"Indentation Mode"</Layout>
			<Text_Color ID="2020">RGB&lt;24,71,159&gt;</Text_Color>
			<Headers>
				<Background_Color ID="2120">RGB&lt;0,0,128&gt;</Background_Color>
				<Text_Color ID="2130">RGB&lt;255,255,255&gt;</Text_Color>
				<Show_Sub_Headers ID="2150">"No"</Show_Sub_Headers>
			</Headers>
			<Grid_Focus_Indicator>
				<Background_Color ID="2270">RGB&lt;0,0,168&gt;</Background_Color>
				<Text_Color ID="2280">RGB&lt;255,255,200&gt;</Text_Color>
			</Grid_Focus_Indicator>
		</Row_Area>
		<Column_Area>
			<Auto_resize_Column_Widths ID="3006">"Never"</Auto_resize_Column_Widths>
			<Headers>
				<Show_Sub_Headers ID="3150">"No"</Show_Sub_Headers>
			</Headers>
		</Column_Area>
		<Outer_Area>
			<Same_as_Row_Area ID="3505">"Yes"</Same_as_Row_Area>
			<Background_Color ID="3510">RGB&lt;0,0,128&gt;</Background_Color>
			<Text_Color ID="3520">RGB&lt;255,255,255&gt;</Text_Color>
		</Outer_Area>
		<Grid_Area>
			<Selection>
				<Background_Color ID="5120">RGB&lt;24,71,159&gt;</Background_Color>
			</Selection>
			<Aggregators>
				<Background_Color ID="5220">RGB&lt;255,128,128&gt;</Background_Color>
			</Aggregators>
			<Sub_Header_Row_or_Column>
				<Background_Color ID="5320">RGB&lt;255,255,200&gt;</Background_Color>
			</Sub_Header_Row_or_Column>
		</Grid_Area>
	</PageObject>
	<PageObject Type="Pivot Table">
		<Location top="744" left="576" bottom="990" right="918" />
		<TabOrder>4</TabOrder>
		<ObjectUUID>F51B4C00-5D37-46FB-A41D-AF70FE255E06</ObjectUUID>
		<Font GUID="00000000-0000-0000-0000-000000000001" Name="Main Font" />
		<Border Style="None" Width="2" MarginTop="1" MarginRight="1" MarginBottom="1" MarginLeft="1" />
		<Contents>
			<Explicit_Identifier>
				<Identifier ID="4110">Output_slag_chemistry_2( ccp1, bf_s )</Identifier>
				<Title ID="4120">"Unit %"</Title>
				<Format>
					<Decimal_Places ID="4312">2</Decimal_Places>
					<Show_1000_seperator ID="4313">"Yes"</Show_1000_seperator>
					<Alignment ID="4330">"Center"</Alignment>
				</Format>
				<Colors>
					<Text_Color ID="4165">RGB 9f4718</Text_Color>
					<Use_Colors_for_Updatable_Entries_Only ID="4166">0</Use_Colors_for_Updatable_Entries_Only>
				</Colors>
			</Explicit_Identifier>
		</Contents>
		<Indices>
			<Explicit_Index>
				<Index ID="6510">ccp1</Index>
				<Header_Title ID="6530">"Properties"</Header_Title>
				<Colors>
					<Text_Color ID="6540">RGB 000000</Text_Color>
				</Colors>
			</Explicit_Index>
			<Identifier_Index>
				<Header_Title ID="6230">""</Header_Title>
				<Colors>
					<Background_Color ID="6242">RGB 9f4718</Background_Color>
					<Text_Color ID="6240">RGB ffffff</Text_Color>
				</Colors>
				<Header_Width ID="6257">bft3</Header_Width>
				<Hide_if_Single_Identifier ID="6270">"No"</Hide_if_Single_Identifier>
			</Identifier_Index>
		</Indices>
		<General>
			<Background_Color ID="1010">RGB&lt;255,255,255&gt;</Background_Color>
			<Font ExtraInfo="78D3D4D2-D2BC-4C37-8F28-00D6E0720349" ID="1030">"cam"</Font>
			<Multiple_Case_View ID="1020">"No"</Multiple_Case_View>
			<Dense_Aggregation_restricts_to_Domain ID="1022">"Yes"</Dense_Aggregation_restricts_to_Domain>
			<User_Modifications>
				<Reload_Layout_State ID="1241">"Not Allowed"</Reload_Layout_State>
			</User_Modifications>
			<Save_Layout_State>
				<Store_Entire_Tree_Layout ID="1110">1</Store_Entire_Tree_Layout>
			</Save_Layout_State>
		</General>
		<Row_Area>
			<Text_Color ID="2020">RGB&lt;24,71,159&gt;</Text_Color>
			<Headers>
				<Background_Color ID="2120">RGB&lt;0,0,128&gt;</Background_Color>
				<Text_Color ID="2130">RGB&lt;255,255,255&gt;</Text_Color>
				<Show_Sub_Headers ID="2150">"No"</Show_Sub_Headers>
			</Headers>
			<Grid_Focus_Indicator>
				<Background_Color ID="2270">RGB&lt;0,0,168&gt;</Background_Color>
				<Text_Color ID="2280">RGB&lt;255,255,200&gt;</Text_Color>
			</Grid_Focus_Indicator>
		</Row_Area>
		<Column_Area>
			<Headers>
				<Show_Sub_Headers ID="3150">"No"</Show_Sub_Headers>
			</Headers>
		</Column_Area>
		<Outer_Area>
			<Same_as_Row_Area ID="3505">"No"</Same_as_Row_Area>
			<Background_Color ID="3510">RGB&lt;0,0,128&gt;</Background_Color>
			<Text_Color ID="3520">RGB&lt;255,255,255&gt;</Text_Color>
		</Outer_Area>
		<Grid_Area>
			<Selection>
				<Background_Color ID="5120">RGB&lt;24,71,159&gt;</Background_Color>
			</Selection>
			<Aggregators>
				<Background_Color ID="5220">RGB&lt;255,128,128&gt;</Background_Color>
			</Aggregators>
			<Sub_Header_Row_or_Column>
				<Background_Color ID="5320">RGB&lt;255,255,200&gt;</Background_Color>
			</Sub_Header_Row_or_Column>
		</Grid_Area>
	</PageObject>
	<PageObject Type="Text">
		<Location top="522" left="522" bottom="540" right="648" />
		<StaticText>Flux Quantity</StaticText>
		<Alignment>Center</Alignment>
		<Font GUID="78D3D4D2-D2BC-4C37-8F28-00D6E0720349" Name="cam" />
		<TextColor RGB="#18479f" />
	</PageObject>
	<PageObject Type="Text">
		<Location top="726" left="60" bottom="768" right="180" />
		<StaticText>HM Chemistry</StaticText>
		<Alignment>Center</Alignment>
		<Font GUID="78D3D4D2-D2BC-4C37-8F28-00D6E0720349" Name="cam" />
		<TextColor RGB="#18479f" />
	</PageObject>
	<PageObject Type="Text">
		<Location top="756" left="444" bottom="816" right="594" />
		<StaticText>Slag Chemical
Properties</StaticText>
		<Alignment>Center</Alignment>
		<Font GUID="78D3D4D2-D2BC-4C37-8F28-00D6E0720349" Name="cam" />
		<TextColor RGB="#18479f" />
	</PageObject>
	<PageObject Type="Pivot Table">
		<Location top="564" left="510" bottom="702" right="858" />
		<TabOrder>8</TabOrder>
		<ObjectUUID>51C51842-9A08-45EA-B769-746C56CF1898</ObjectUUID>
		<Font GUID="00000000-0000-0000-0000-000000000001" Name="Main Font" />
		<Border Style="None" Width="2" MarginTop="1" MarginRight="1" MarginBottom="1" MarginLeft="1" />
		<Contents>
			<Explicit_Identifier>
				<Identifier ID="4110">output_bf_flux_quantity_2( bfs, bf_s )</Identifier>
				<Title ID="4120">"Kg/THM"</Title>
				<Format>
					<Decimal_Places ID="4312">2</Decimal_Places>
					<Show_1000_seperator ID="4313">"Yes"</Show_1000_seperator>
					<Alignment ID="4330">"Center"</Alignment>
				</Format>
				<Colors>
					<Text_Color ID="4165">RGB 9f4718</Text_Color>
					<Use_Colors_for_Updatable_Entries_Only ID="4166">0</Use_Colors_for_Updatable_Entries_Only>
				</Colors>
			</Explicit_Identifier>
		</Contents>
		<Indices>
			<Explicit_Index>
				<Index ID="6510">he</Index>
				<Header_Title ID="6530">"Properties"</Header_Title>
				<Colors>
					<Text_Color ID="6540">RGB 000000</Text_Color>
				</Colors>
			</Explicit_Index>
			<Identifier_Index>
				<Header_Title ID="6230">""</Header_Title>
				<Colors>
					<Background_Color ID="6242">RGB 9f4718</Background_Color>
					<Text_Color ID="6240">RGB ffffff</Text_Color>
				</Colors>
				<Column_Width ID="6255">bft2</Column_Width>
				<Hide_if_Single_Identifier ID="6270">"No"</Hide_if_Single_Identifier>
			</Identifier_Index>
		</Indices>
		<General>
			<Background_Color ID="1010">RGB&lt;255,255,255&gt;</Background_Color>
			<Font ExtraInfo="78D3D4D2-D2BC-4C37-8F28-00D6E0720349" ID="1030">"cam"</Font>
			<Dense_Aggregation_restricts_to_Domain ID="1022">"Yes"</Dense_Aggregation_restricts_to_Domain>
			<User_Modifications>
				<User_Dialog ID="1210">"Allowed"</User_Dialog>
				<Drag_Drop_Headers ID="1220">"Allowed"</Drag_Drop_Headers>
				<Open_Close_Tree_Nodes ID="1240">"Allowed"</Open_Close_Tree_Nodes>
				<Reload_Layout_State ID="1241">"Not Allowed"</Reload_Layout_State>
			</User_Modifications>
			<Save_Layout_State>
				<Store_Entire_Tree_Layout ID="1110">1</Store_Entire_Tree_Layout>
			</Save_Layout_State>
		</General>
		<Row_Area>
			<Layout ID="2008">"Indentation Mode"</Layout>
			<Text_Color ID="2020">RGB&lt;24,71,159&gt;</Text_Color>
			<Headers>
				<Background_Color ID="2120">RGB&lt;0,0,128&gt;</Background_Color>
				<Text_Color ID="2130">RGB&lt;255,255,255&gt;</Text_Color>
				<Show_Sub_Headers ID="2150">"No"</Show_Sub_Headers>
			</Headers>
			<Grid_Focus_Indicator>
				<Background_Color ID="2270">RGB&lt;0,0,168&gt;</Background_Color>
				<Text_Color ID="2280">RGB&lt;255,255,200&gt;</Text_Color>
			</Grid_Focus_Indicator>
		</Row_Area>
		<Column_Area>
			<Auto_resize_Column_Widths ID="3006">"Never"</Auto_resize_Column_Widths>
			<Headers>
				<Show_Sub_Headers ID="3150">"No"</Show_Sub_Headers>
			</Headers>
		</Column_Area>
		<Outer_Area>
			<Same_as_Row_Area ID="3505">"Yes"</Same_as_Row_Area>
			<Background_Color ID="3510">RGB&lt;0,0,128&gt;</Background_Color>
			<Text_Color ID="3520">RGB&lt;255,255,255&gt;</Text_Color>
		</Outer_Area>
		<Grid_Area>
			<Selection>
				<Background_Color ID="5120">RGB&lt;24,71,159&gt;</Background_Color>
			</Selection>
			<Aggregators>
				<Background_Color ID="5220">RGB&lt;255,128,128&gt;</Background_Color>
			</Aggregators>
			<Sub_Header_Row_or_Column>
				<Background_Color ID="5320">RGB&lt;255,255,200&gt;</Background_Color>
			</Sub_Header_Row_or_Column>
		</Grid_Area>
	</PageObject>
	<PageObject Type="Table">
		<Location top="132" left="234" bottom="162" right="330" />
		<TabOrder>27</TabOrder>
		<Font GUID="A6D7D77D-701C-4A37-BA78-70C3F0497885" Name="headerizom" />
		<Border Style="None" Width="2" />
		<MaxColWidth>20</MaxColWidth>
		<BackgroundColor RGB="#d8e4f9" />
		<RowIndentation>3</RowIndentation>
		<ExplicitIdentifier>
			<Identifier>Output_hm_cost_bf1</Identifier>
			<FirstColumn>0</FirstColumn>
			<HeaderText>""</HeaderText>
			<NumberFormat Width="7" Decimals="0" ThousandSeparator="true" Alignment="Center" />
		</ExplicitIdentifier>
	</PageObject>
	<PageObject Type="Table">
		<Location top="162" left="234" bottom="192" right="330" />
		<TabOrder>10</TabOrder>
		<Font GUID="A6D7D77D-701C-4A37-BA78-70C3F0497885" Name="headerizom" />
		<Border Style="None" Width="2" />
		<MaxColWidth>20</MaxColWidth>
		<BackgroundColor RGB="#12387c" />
		<TextColor RGB="#ffffff" />
		<RowIndentation>3</RowIndentation>
		<ExplicitIdentifier>
			<Identifier>Output_hm_cost_bf2</Identifier>
			<FirstColumn>0</FirstColumn>
			<HeaderText>""</HeaderText>
			<NumberFormat Width="7" Decimals="0" ThousandSeparator="true" Alignment="Center" />
		</ExplicitIdentifier>
	</PageObject>
	<PageObject Type="Table">
		<Location top="132" left="48" bottom="162" right="252" />
		<TabOrder>29</TabOrder>
		<Font GUID="A6D7D77D-701C-4A37-BA78-70C3F0497885" Name="headerizom" />
		<Border Style="None" Width="2" />
		<MaxColWidth>20</MaxColWidth>
		<BackgroundColor RGB="#d8e4f9" />
		<RowIndentation>3</RowIndentation>
		<ExplicitIdentifier>
			<Identifier>Output_hm_produced_bf1</Identifier>
			<FirstColumn>0</FirstColumn>
			<HeaderText>"Hot Metal - BF1"</HeaderText>
			<NumberFormat Width="6" Decimals="0" ThousandSeparator="true" Alignment="Center" />
		</ExplicitIdentifier>
	</PageObject>
	<PageObject Type="Table">
		<Location top="162" left="48" bottom="192" right="252" />
		<TabOrder>5</TabOrder>
		<Font GUID="A6D7D77D-701C-4A37-BA78-70C3F0497885" Name="headerizom" />
		<Border Style="None" Width="2" />
		<MaxColWidth>20</MaxColWidth>
		<BackgroundColor RGB="#12387c" />
		<TextColor RGB="#ffffff" />
		<RowIndentation>3</RowIndentation>
		<ExplicitIdentifier>
			<Identifier>Output_hm_produced_bf2</Identifier>
			<FirstColumn>0</FirstColumn>
			<HeaderText>"Hot Metal - BF2"</HeaderText>
			<NumberFormat Width="6" Decimals="0" ThousandSeparator="true" Alignment="Center" />
		</ExplicitIdentifier>
	</PageObject>
	<PageObject Type="Table">
		<Location top="192" left="234" bottom="222" right="330" />
		<TabOrder>35</TabOrder>
		<Font GUID="A6D7D77D-701C-4A37-BA78-70C3F0497885" Name="headerizom" />
		<Border Style="None" Width="2" />
		<MaxColWidth>20</MaxColWidth>
		<BackgroundColor RGB="#d8e4f9" />
		<RowIndentation>3</RowIndentation>
		<ExplicitIdentifier>
			<Identifier>output_sinter_cost( 'sp1' )</Identifier>
			<FirstColumn>1</FirstColumn>
			<HeaderText>""</HeaderText>
			<NumberFormat Width="7" Decimals="0" ThousandSeparator="true" Alignment="Center" />
		</ExplicitIdentifier>
	</PageObject>
	<PageObject Type="Table">
		<Location top="222" left="234" bottom="252" right="330" />
		<TabOrder>23</TabOrder>
		<Font GUID="A6D7D77D-701C-4A37-BA78-70C3F0497885" Name="headerizom" />
		<Border Style="None" Width="2" />
		<MaxColWidth>20</MaxColWidth>
		<BackgroundColor RGB="#12387c" />
		<TextColor RGB="#ffffff" />
		<RowIndentation>3</RowIndentation>
		<ExplicitIdentifier>
			<Identifier>output_sinter_cost( 'sp2' )</Identifier>
			<FirstColumn>1</FirstColumn>
			<HeaderText>""</HeaderText>
			<NumberFormat Width="7" Decimals="0" ThousandSeparator="true" Alignment="Center" />
		</ExplicitIdentifier>
	</PageObject>
	<PageObject Type="Table">
		<Location top="192" left="48" bottom="222" right="252" />
		<TabOrder>43</TabOrder>
		<Font GUID="A6D7D77D-701C-4A37-BA78-70C3F0497885" Name="headerizom" />
		<Border Style="None" Width="2" />
		<MaxColWidth>20</MaxColWidth>
		<BackgroundColor RGB="#d8e4f9" />
		<RowIndentation>3</RowIndentation>
		<ExplicitIdentifier>
			<Identifier>output_sinter_total_production( 'sp1' )</Identifier>
			<FirstColumn>1</FirstColumn>
			<HeaderText>"Sinter Plant 1    "</HeaderText>
			<NumberFormat Width="6" Decimals="0" ThousandSeparator="true" Alignment="Center" />
		</ExplicitIdentifier>
	</PageObject>
	<PageObject Type="Table">
		<Location top="222" left="48" bottom="252" right="252" />
		<TabOrder>22</TabOrder>
		<Font GUID="A6D7D77D-701C-4A37-BA78-70C3F0497885" Name="headerizom" />
		<Border Style="None" Width="2" />
		<MaxColWidth>20</MaxColWidth>
		<BackgroundColor RGB="#12387c" />
		<TextColor RGB="#ffffff" />
		<RowIndentation>3</RowIndentation>
		<ExplicitIdentifier>
			<Identifier>output_sinter_total_production( 'sp2' )</Identifier>
			<FirstColumn>1</FirstColumn>
			<HeaderText>"Sinter Plant 2    "</HeaderText>
			<NumberFormat Width="6" Decimals="0" ThousandSeparator="true" Alignment="Center" />
		</ExplicitIdentifier>
	</PageObject>
	<PageObject Type="Text">
		<Location top="84" left="168" bottom="138" right="258" />
		<StaticText>Production
(TPD)</StaticText>
		<Alignment>Center</Alignment>
		<Font GUID="A538D381-62BA-427B-81ED-173DE9184DE2" Name="cam10" />
		<TextColor RGB="#18479f" />
	</PageObject>
	<PageObject Type="Text">
		<Location top="84" left="252" bottom="126" right="330" />
		<StaticText>Cost
(Rs/T)</StaticText>
		<Alignment>Center</Alignment>
		<Font GUID="A538D381-62BA-427B-81ED-173DE9184DE2" Name="cam10" />
		<TextColor RGB="#18479f" />
	</PageObject>
	<PageObject Type="Table">
		<Location top="252" left="234" bottom="282" right="330" />
		<TabOrder>39</TabOrder>
		<Font GUID="A6D7D77D-701C-4A37-BA78-70C3F0497885" Name="headerizom" />
		<Border Style="None" Width="2" />
		<MaxColWidth>20</MaxColWidth>
		<BackgroundColor RGB="#d8e4f9" />
		<RowIndentation>3</RowIndentation>
		<ExplicitIdentifier>
			<Identifier>Output_pellet_cost( 'SIP Pellet', 'pp1' )</Identifier>
			<FirstColumn>2</FirstColumn>
			<HeaderText>""</HeaderText>
			<NumberFormat Width="7" Decimals="0" ThousandSeparator="true" Alignment="Center" />
		</ExplicitIdentifier>
	</PageObject>
	<PageObject Type="Table">
		<Location top="282" left="234" bottom="312" right="330" />
		<TabOrder>13</TabOrder>
		<Font GUID="A6D7D77D-701C-4A37-BA78-70C3F0497885" Name="headerizom" />
		<Border Style="None" Width="2" />
		<MaxColWidth>20</MaxColWidth>
		<BackgroundColor RGB="#12387c" />
		<TextColor RGB="#ffffff" />
		<RowIndentation>3</RowIndentation>
		<ExplicitIdentifier>
			<Identifier>Output_pellet_cost( 'BF Pellet', 'pp2' )</Identifier>
			<FirstColumn>2</FirstColumn>
			<HeaderText>""</HeaderText>
			<NumberFormat Width="7" Decimals="0" ThousandSeparator="true" Alignment="Center" />
		</ExplicitIdentifier>
	</PageObject>
	<PageObject Type="Table">
		<Location top="252" left="48" bottom="282" right="252" />
		<TabOrder>31</TabOrder>
		<Font GUID="A6D7D77D-701C-4A37-BA78-70C3F0497885" Name="headerizom" />
		<Border Style="None" Width="2" />
		<MaxColWidth>20</MaxColWidth>
		<BackgroundColor RGB="#d8e4f9" />
		<RowIndentation>3</RowIndentation>
		<ExplicitIdentifier>
			<Identifier>output_pellet_production_2( 'SIP Pellet', 'pp1' )</Identifier>
			<FirstColumn>2</FirstColumn>
			<HeaderText>"Pellet Plant 1      "</HeaderText>
			<NumberFormat Width="6" Decimals="0" ThousandSeparator="true" Alignment="Center" />
		</ExplicitIdentifier>
	</PageObject>
	<PageObject Type="Table">
		<Location top="282" left="48" bottom="312" right="252" />
		<TabOrder>3</TabOrder>
		<Font GUID="A6D7D77D-701C-4A37-BA78-70C3F0497885" Name="headerizom" />
		<Border Style="None" Width="2" />
		<MaxColWidth>20</MaxColWidth>
		<BackgroundColor RGB="#12387c" />
		<TextColor RGB="#ffffff" />
		<RowIndentation>3</RowIndentation>
		<ExplicitIdentifier>
			<Identifier>output_pellet_production_2( 'BF Pellet', 'pp2' )</Identifier>
			<FirstColumn>2</FirstColumn>
			<HeaderText>"Pellet Plant 2      "</HeaderText>
			<NumberFormat Width="6" Decimals="0" ThousandSeparator="true" Alignment="Center" />
		</ExplicitIdentifier>
	</PageObject>
	<PageObject Type="Table">
		<Location top="342" left="234" bottom="372" right="330" />
		<TabOrder>16</TabOrder>
		<Font GUID="A6D7D77D-701C-4A37-BA78-70C3F0497885" Name="headerizom" />
		<Border Style="None" Width="2" />
		<MaxColWidth>20</MaxColWidth>
		<BackgroundColor RGB="#12387c" />
		<TextColor RGB="#ffffff" />
		<RowIndentation>3</RowIndentation>
		<ExplicitIdentifier>
			<Identifier>output_bf_ore_cost( 'bf2' )</Identifier>
			<FirstColumn>1</FirstColumn>
			<HeaderText>""</HeaderText>
			<NumberFormat Width="7" Decimals="0" ThousandSeparator="true" Alignment="Center" />
		</ExplicitIdentifier>
	</PageObject>
	<PageObject Type="Table">
		<Location top="342" left="48" bottom="372" right="252" />
		<TabOrder>1</TabOrder>
		<Font GUID="A6D7D77D-701C-4A37-BA78-70C3F0497885" Name="headerizom" />
		<Border Style="None" Width="2" />
		<MaxColWidth>20</MaxColWidth>
		<BackgroundColor RGB="#12387c" />
		<TextColor RGB="#ffffff" />
		<RowIndentation>3</RowIndentation>
		<ExplicitIdentifier>
			<Identifier>output_bf_ore_productions( 'bf2' )</Identifier>
			<FirstColumn>1</FirstColumn>
			<HeaderText>"Ore in BF2          "</HeaderText>
			<NumberFormat Width="5" Decimals="0" ThousandSeparator="true" Alignment="Center" />
		</ExplicitIdentifier>
	</PageObject>
	<PageObject Type="Table">
		<Location top="312" left="234" bottom="342" right="330" />
		<TabOrder>41</TabOrder>
		<Font GUID="A6D7D77D-701C-4A37-BA78-70C3F0497885" Name="headerizom" />
		<Border Style="None" Width="2" />
		<MaxColWidth>20</MaxColWidth>
		<BackgroundColor RGB="#d8e4f9" />
		<RowIndentation>3</RowIndentation>
		<ExplicitIdentifier>
			<Identifier>output_bf_ore_cost( 'bf1' )</Identifier>
			<FirstColumn>1</FirstColumn>
			<HeaderText>""</HeaderText>
			<NumberFormat Width="7" Decimals="0" ThousandSeparator="true" Alignment="Center" />
		</ExplicitIdentifier>
	</PageObject>
	<PageObject Type="Table">
		<Location top="312" left="48" bottom="342" right="252" />
		<TabOrder>34</TabOrder>
		<Font GUID="A6D7D77D-701C-4A37-BA78-70C3F0497885" Name="headerizom" />
		<Border Style="None" Width="2" />
		<MaxColWidth>20</MaxColWidth>
		<BackgroundColor RGB="#d8e4f9" />
		<RowIndentation>3</RowIndentation>
		<ExplicitIdentifier>
			<Identifier>output_bf_ore_productions( 'bf1' )</Identifier>
			<FirstColumn>1</FirstColumn>
			<HeaderText>"Ore in BF1          "</HeaderText>
			<NumberFormat Width="6" Decimals="0" ThousandSeparator="true" Alignment="Center" />
		</ExplicitIdentifier>
	</PageObject>
	<PageObject Type="Table">
		<Location top="138" left="768" bottom="168" right="864" />
		<TabOrder>42</TabOrder>
		<Font GUID="A6D7D77D-701C-4A37-BA78-70C3F0497885" Name="headerizom" />
		<Border Style="None" Width="2" />
		<MaxColWidth>20</MaxColWidth>
		<BackgroundColor RGB="#d8e4f9" />
		<RowIndentation>3</RowIndentation>
		<ExplicitIdentifier>
			<Identifier>Output_burden_perc_2( 'sp1', 'bf2' )</Identifier>
			<FirstColumn>2</FirstColumn>
			<HeaderText>""</HeaderText>
			<NumberFormat Width="7" Decimals="3" />
		</ExplicitIdentifier>
	</PageObject>
	<PageObject Type="Table">
		<Location top="168" left="768" bottom="198" right="864" />
		<TabOrder>6</TabOrder>
		<Font GUID="A6D7D77D-701C-4A37-BA78-70C3F0497885" Name="headerizom" />
		<Border Style="None" Width="2" />
		<MaxColWidth>20</MaxColWidth>
		<BackgroundColor RGB="#12387c" />
		<TextColor RGB="#ffffff" />
		<RowIndentation>3</RowIndentation>
		<ExplicitIdentifier>
			<Identifier>Output_burden_perc_2( 'sp2', 'bf2' )</Identifier>
			<FirstColumn>2</FirstColumn>
			<HeaderText>""</HeaderText>
			<NumberFormat Width="5" Decimals="1" Alignment="Center" />
		</ExplicitIdentifier>
	</PageObject>
	<PageObject Type="Text">
		<Location top="84" left="504" bottom="114" right="852" />
		<StaticText>Burden Mix %</StaticText>
		<Alignment>Center</Alignment>
		<Font GUID="2DAC9622-117B-44C5-B858-5F5723D7A784" Name="cam14" />
		<TextColor RGB="#18479f" />
	</PageObject>
	<PageObject Type="Table">
		<Location top="138" left="516" bottom="168" right="786" />
		<TabOrder>33</TabOrder>
		<Font GUID="A6D7D77D-701C-4A37-BA78-70C3F0497885" Name="headerizom" />
		<Border Style="None" Width="2" />
		<MaxColWidth>20</MaxColWidth>
		<BackgroundColor RGB="#d8e4f9" />
		<RowIndentation>3</RowIndentation>
		<ExplicitIdentifier>
			<Identifier>Output_burden_perc_2( 'sp1', 'bf1' )</Identifier>
			<FirstColumn>2</FirstColumn>
			<HeaderText>"Sinter Plant 1 %               "</HeaderText>
			<NumberFormat Width="5" Decimals="1" Alignment="Center" />
		</ExplicitIdentifier>
	</PageObject>
	<PageObject Type="Table">
		<Location top="168" left="516" bottom="198" right="786" />
		<TabOrder>14</TabOrder>
		<Font GUID="A6D7D77D-701C-4A37-BA78-70C3F0497885" Name="headerizom" />
		<Border Style="None" Width="2" />
		<MaxColWidth>20</MaxColWidth>
		<BackgroundColor RGB="#12387c" />
		<TextColor RGB="#ffffff" />
		<RowIndentation>3</RowIndentation>
		<MultipleCellChanges>false</MultipleCellChanges>
		<ExplicitIdentifier>
			<Identifier>Output_burden_perc_2( 'sp2', 'bf1' )</Identifier>
			<FirstColumn>2</FirstColumn>
			<HeaderText>"Sinter Plant 2 %               "</HeaderText>
			<NumberFormat Width="7" Decimals="3" Alignment="Center" />
		</ExplicitIdentifier>
	</PageObject>
	<PageObject Type="Table">
		<Location top="198" left="768" bottom="228" right="864" />
		<TabOrder>32</TabOrder>
		<Font GUID="A6D7D77D-701C-4A37-BA78-70C3F0497885" Name="headerizom" />
		<Border Style="None" Width="2" />
		<MaxColWidth>20</MaxColWidth>
		<BackgroundColor RGB="#d8e4f9" />
		<RowIndentation>3</RowIndentation>
		<ExplicitIdentifier>
			<Identifier>Output_burden_perc_2( 'pp1', 'bf2' )</Identifier>
			<FirstColumn>2</FirstColumn>
			<HeaderText>""</HeaderText>
			<NumberFormat Width="7" Decimals="3" />
		</ExplicitIdentifier>
	</PageObject>
	<PageObject Type="Table">
		<Location top="228" left="768" bottom="258" right="864" />
		<TabOrder>18</TabOrder>
		<Font GUID="A6D7D77D-701C-4A37-BA78-70C3F0497885" Name="headerizom" />
		<Border Style="None" Width="2" />
		<MaxColWidth>20</MaxColWidth>
		<BackgroundColor RGB="#12387c" />
		<TextColor RGB="#ffffff" />
		<RowIndentation>3</RowIndentation>
		<ExplicitIdentifier>
			<Identifier>Output_burden_perc_2( 'pp2', 'bf2' )</Identifier>
			<FirstColumn>2</FirstColumn>
			<HeaderText>""</HeaderText>
			<NumberFormat Width="5" Decimals="1" Alignment="Center" />
		</ExplicitIdentifier>
	</PageObject>
	<PageObject Type="Table">
		<Location top="198" left="516" bottom="228" right="786" />
		<TabOrder>26</TabOrder>
		<Font GUID="A6D7D77D-701C-4A37-BA78-70C3F0497885" Name="headerizom" />
		<Border Style="None" Width="2" />
		<MaxColWidth>20</MaxColWidth>
		<BackgroundColor RGB="#d8e4f9" />
		<RowIndentation>3</RowIndentation>
		<ExplicitIdentifier>
			<Identifier>Output_burden_perc_2( 'pp1', 'bf1' )</Identifier>
			<FirstColumn>2</FirstColumn>
			<HeaderText>"Pellet Plant 1 %                 "</HeaderText>
			<NumberFormat Width="5" Decimals="1" Alignment="Center" />
		</ExplicitIdentifier>
	</PageObject>
	<PageObject Type="Table">
		<Location top="228" left="516" bottom="258" right="786" />
		<TabOrder>20</TabOrder>
		<Font GUID="A6D7D77D-701C-4A37-BA78-70C3F0497885" Name="headerizom" />
		<Border Style="None" Width="2" />
		<MaxColWidth>20</MaxColWidth>
		<BackgroundColor RGB="#12387c" />
		<TextColor RGB="#ffffff" />
		<RowIndentation>3</RowIndentation>
		<ExplicitIdentifier>
			<Identifier>Output_burden_perc_2( 'pp2', 'bf1' )</Identifier>
			<FirstColumn>2</FirstColumn>
			<HeaderText>"Pellet Plant 2 %                 "</HeaderText>
			<NumberFormat Width="7" Decimals="1" Alignment="Right" />
		</ExplicitIdentifier>
	</PageObject>
	<PageObject Type="Table">
		<Location top="258" left="768" bottom="288" right="864" />
		<TabOrder>25</TabOrder>
		<Font GUID="A6D7D77D-701C-4A37-BA78-70C3F0497885" Name="headerizom" />
		<Border Style="None" Width="2" />
		<MaxColWidth>20</MaxColWidth>
		<BackgroundColor RGB="#d8e4f9" />
		<RowIndentation>3</RowIndentation>
		<ExplicitIdentifier>
			<Identifier>Output_burden_perc_2( 'ore', 'bf2' )</Identifier>
			<FirstColumn>2</FirstColumn>
			<HeaderText>""</HeaderText>
			<NumberFormat Width="7" Decimals="1" Alignment="Right" />
		</ExplicitIdentifier>
	</PageObject>
	<PageObject Type="Table">
		<Location top="258" left="516" bottom="288" right="786" />
		<TabOrder>24</TabOrder>
		<Font GUID="A6D7D77D-701C-4A37-BA78-70C3F0497885" Name="headerizom" />
		<Border Style="None" Width="2" />
		<MaxColWidth>20</MaxColWidth>
		<BackgroundColor RGB="#d8e4f9" />
		<RowIndentation>3</RowIndentation>
		<ExplicitIdentifier>
			<Identifier>Output_burden_perc_2( 'ore', 'bf1' )</Identifier>
			<FirstColumn>2</FirstColumn>
			<HeaderText>"Ore %                                 "</HeaderText>
			<NumberFormat Width="5" Decimals="1" Alignment="Right" />
		</ExplicitIdentifier>
	</PageObject>
	<PageObject Type="Text">
		<Location top="114" left="720" bottom="138" right="780" />
		<StaticText>BF 1</StaticText>
		<Alignment>Center</Alignment>
		<Font GUID="2DAC9622-117B-44C5-B858-5F5723D7A784" Name="cam14" />
		<TextColor RGB="#18479f" />
	</PageObject>
	<PageObject Type="Text">
		<Location top="114" left="792" bottom="138" right="852" />
		<StaticText>BF 2</StaticText>
		<Alignment>Center</Alignment>
		<Font GUID="2DAC9622-117B-44C5-B858-5F5723D7A784" Name="cam14" />
		<TextColor RGB="#18479f" />
	</PageObject>
	<PageObject Type="Table">
		<Location top="312" left="768" bottom="342" right="864" />
		<TabOrder>21</TabOrder>
		<Font GUID="A6D7D77D-701C-4A37-BA78-70C3F0497885" Name="headerizom" />
		<Border Style="None" Width="2" />
		<MaxColWidth>20</MaxColWidth>
		<BackgroundColor RGB="#12387c" />
		<TextColor RGB="#ffffff" />
		<RowIndentation>3</RowIndentation>
		<ExplicitIdentifier>
			<Identifier>output_coke_fuel_rate( 'bf2' )</Identifier>
			<FirstColumn>1</FirstColumn>
			<HeaderText>""</HeaderText>
			<NumberFormat Width="5" Decimals="1" Alignment="Center" />
		</ExplicitIdentifier>
	</PageObject>
	<PageObject Type="Table">
		<Location top="312" left="516" bottom="342" right="786" />
		<TabOrder>19</TabOrder>
		<Font GUID="A6D7D77D-701C-4A37-BA78-70C3F0497885" Name="headerizom" />
		<Border Style="None" Width="2" />
		<MaxColWidth>20</MaxColWidth>
		<BackgroundColor RGB="#12387c" />
		<TextColor RGB="#ffffff" />
		<RowIndentation>3</RowIndentation>
		<ExplicitIdentifier>
			<Identifier>output_coke_fuel_rate( 'bf1' )</Identifier>
			<FirstColumn>1</FirstColumn>
			<HeaderText>"Coke Fuel Rate (Kg/THM)"</HeaderText>
			<NumberFormat Width="7" Decimals="2" Alignment="Right" />
		</ExplicitIdentifier>
	</PageObject>
	<PageObject Type="Table">
		<Location top="342" left="768" bottom="372" right="864" />
		<TabOrder>28</TabOrder>
		<Font GUID="A6D7D77D-701C-4A37-BA78-70C3F0497885" Name="headerizom" />
		<Border Style="None" Width="2" />
		<MaxColWidth>20</MaxColWidth>
		<BackgroundColor RGB="#d8e4f9" />
		<RowIndentation>3</RowIndentation>
		<ExplicitIdentifier>
			<Identifier>output_pci_coal_used_2( 'bf2' )</Identifier>
			<FirstColumn>1</FirstColumn>
			<HeaderText>""</HeaderText>
			<NumberFormat Width="7" Decimals="1" Alignment="Right" />
		</ExplicitIdentifier>
	</PageObject>
	<PageObject Type="Table">
		<Location top="342" left="516" bottom="372" right="786" />
		<TabOrder>30</TabOrder>
		<Font GUID="A6D7D77D-701C-4A37-BA78-70C3F0497885" Name="headerizom" />
		<Border Style="None" Width="2" />
		<MaxColWidth>20</MaxColWidth>
		<BackgroundColor RGB="#d8e4f9" />
		<RowIndentation>3</RowIndentation>
		<ExplicitIdentifier>
			<Identifier>output_pci_coal_used_2( 'bf1' )</Identifier>
			<FirstColumn>1</FirstColumn>
			<HeaderText>"PCI Coal Rate (Kg/THM)  "</HeaderText>
			<NumberFormat Width="5" Decimals="1" Alignment="Center" />
		</ExplicitIdentifier>
	</PageObject>
	<PageObject Type="Table">
		<Location top="432" left="768" bottom="462" right="864" />
		<TabOrder>17</TabOrder>
		<Font GUID="A6D7D77D-701C-4A37-BA78-70C3F0497885" Name="headerizom" />
		<Border Style="None" Width="2" />
		<MaxColWidth>20</MaxColWidth>
		<BackgroundColor RGB="#12387c" />
		<TextColor RGB="#ffffff" />
		<RowIndentation>3</RowIndentation>
		<ExplicitIdentifier>
			<Identifier>output_slag_rate( 'bf2' )</Identifier>
			<FirstColumn>1</FirstColumn>
			<HeaderText>""</HeaderText>
			<NumberFormat Width="5" Decimals="1" Alignment="Center" />
		</ExplicitIdentifier>
	</PageObject>
	<PageObject Type="Table">
		<Location top="432" left="516" bottom="462" right="786" />
		<TabOrder>11</TabOrder>
		<Font GUID="A6D7D77D-701C-4A37-BA78-70C3F0497885" Name="headerizom" />
		<Border Style="None" Width="2" />
		<MaxColWidth>20</MaxColWidth>
		<BackgroundColor RGB="#12387c" />
		<TextColor RGB="#ffffff" />
		<RowIndentation>3</RowIndentation>
		<ExplicitIdentifier>
			<Identifier>output_slag_rate( 'bf1' )</Identifier>
			<FirstColumn>1</FirstColumn>
			<HeaderText>"Slag Rate (Kg/THM)          "</HeaderText>
			<NumberFormat Width="7" Decimals="2" Alignment="Right" />
		</ExplicitIdentifier>
	</PageObject>
	<PageObject Type="Table">
		<Location top="402" left="768" bottom="432" right="864" />
		<TabOrder>37</TabOrder>
		<Font GUID="A6D7D77D-701C-4A37-BA78-70C3F0497885" Name="headerizom" />
		<Border Style="None" Width="2" />
		<MaxColWidth>20</MaxColWidth>
		<BackgroundColor RGB="#d8e4f9" />
		<RowIndentation>3</RowIndentation>
		<ExplicitIdentifier>
			<Identifier>Output_alumina_load( 'bf2' )</Identifier>
			<FirstColumn>1</FirstColumn>
			<HeaderText>""</HeaderText>
			<NumberFormat Width="7" Decimals="1" Alignment="Right" />
		</ExplicitIdentifier>
	</PageObject>
	<PageObject Type="Table">
		<Location top="402" left="516" bottom="432" right="786" />
		<TabOrder>40</TabOrder>
		<Font GUID="A6D7D77D-701C-4A37-BA78-70C3F0497885" Name="headerizom" />
		<Border Style="None" Width="2" />
		<MaxColWidth>20</MaxColWidth>
		<BackgroundColor RGB="#d8e4f9" />
		<RowIndentation>3</RowIndentation>
		<ExplicitIdentifier>
			<Identifier>Output_alumina_load( 'bf1' )</Identifier>
			<FirstColumn>1</FirstColumn>
			<HeaderText>"Alumina Load (Kg/THM)  "</HeaderText>
			<NumberFormat Width="5" Decimals="1" Alignment="Right" />
		</ExplicitIdentifier>
	</PageObject>
	<PageObject Type="Table">
		<Location top="372" left="768" bottom="402" right="864" />
		<TabOrder>15</TabOrder>
		<Font GUID="A6D7D77D-701C-4A37-BA78-70C3F0497885" Name="headerizom" />
		<Border Style="None" Width="2" />
		<MaxColWidth>20</MaxColWidth>
		<BackgroundColor RGB="#12387c" />
		<TextColor RGB="#ffffff" />
		<RowIndentation>3</RowIndentation>
		<ExplicitIdentifier>
			<Identifier>output_total_fuel_rate( 'bf2' )</Identifier>
			<FirstColumn>1</FirstColumn>
			<HeaderText>""</HeaderText>
			<NumberFormat Width="5" Decimals="1" Alignment="Center" />
		</ExplicitIdentifier>
	</PageObject>
	<PageObject Type="Table">
		<Location top="372" left="516" bottom="402" right="786" />
		<TabOrder>12</TabOrder>
		<Font GUID="A6D7D77D-701C-4A37-BA78-70C3F0497885" Name="headerizom" />
		<Border Style="None" Width="2" />
		<MaxColWidth>20</MaxColWidth>
		<BackgroundColor RGB="#12387c" />
		<TextColor RGB="#ffffff" />
		<RowIndentation>3</RowIndentation>
		<ExplicitIdentifier>
			<Identifier>output_total_fuel_rate( 'bf1' )</Identifier>
			<FirstColumn>1</FirstColumn>
			<HeaderText>"Total Fuel Rate (Kg/THM)"</HeaderText>
			<NumberFormat Width="7" Decimals="2" Alignment="Right" />
		</ExplicitIdentifier>
	</PageObject>
	<PageObject Type="Table">
		<Location top="462" left="768" bottom="492" right="864" />
		<TabOrder>36</TabOrder>
		<Font GUID="A6D7D77D-701C-4A37-BA78-70C3F0497885" Name="headerizom" />
		<Border Style="None" Width="2" />
		<MaxColWidth>20</MaxColWidth>
		<BackgroundColor RGB="#d8e4f9" />
		<RowIndentation>3</RowIndentation>
		<ExplicitIdentifier>
			<Identifier>Output_burden_total_2( 'bf2' )</Identifier>
			<FirstColumn>1</FirstColumn>
			<HeaderText>""</HeaderText>
			<NumberFormat Width="7" Decimals="3" Alignment="Center" />
		</ExplicitIdentifier>
	</PageObject>
	<PageObject Type="Table">
		<Location top="462" left="516" bottom="492" right="786" />
		<TabOrder>38</TabOrder>
		<Font GUID="A6D7D77D-701C-4A37-BA78-70C3F0497885" Name="headerizom" />
		<Border Style="None" Width="2" />
		<MaxColWidth>20</MaxColWidth>
		<BackgroundColor RGB="#d8e4f9" />
		<RowIndentation>3</RowIndentation>
		<ExplicitIdentifier>
			<Identifier>Output_burden_total_2( 'bf1' )</Identifier>
			<FirstColumn>1</FirstColumn>
			<HeaderText>"IBRM (T)                           "</HeaderText>
			<NumberFormat Width="5" Decimals="3" Alignment="Center" />
		</ExplicitIdentifier>
	</PageObject>
	<PageObject Type="Pivot Table">
		<Location top="1032" left="588" bottom="1116" right="792" />
		<TabOrder>9</TabOrder>
		<ObjectUUID>D8D34B58-7075-4D06-B73C-9D1C8736EBC3</ObjectUUID>
		<Font GUID="00000000-0000-0000-0000-000000000001" Name="Main Font" />
		<Border Style="None" Width="2" MarginTop="1" MarginRight="1" MarginBottom="1" MarginLeft="1" />
		<Contents>
			<Explicit_Identifier>
				<Identifier ID="4110">output_slag_basicity_2( bf_s )</Identifier>
				<Title ID="4120">"Kg/THM"</Title>
				<Format>
					<Decimal_Places ID="4312">2</Decimal_Places>
					<Show_1000_seperator ID="4313">"Yes"</Show_1000_seperator>
					<Alignment ID="4330">"Center"</Alignment>
				</Format>
				<Colors>
					<Text_Color ID="4165">RGB 9f4718</Text_Color>
					<Use_Colors_for_Updatable_Entries_Only ID="4166">0</Use_Colors_for_Updatable_Entries_Only>
				</Colors>
			</Explicit_Identifier>
		</Contents>
		<Indices>
			<Explicit_Index>
				<Index ID="6510">he</Index>
				<Header_Title ID="6530">"Properties"</Header_Title>
				<Colors>
					<Text_Color ID="6540">RGB 000000</Text_Color>
				</Colors>
			</Explicit_Index>
			<Identifier_Index>
				<Header_Title ID="6230">""</Header_Title>
				<Colors>
					<Background_Color ID="6242">RGB 9f4718</Background_Color>
					<Text_Color ID="6240">RGB ffffff</Text_Color>
				</Colors>
				<Column_Width ID="6255">bft2</Column_Width>
				<Hide_if_Single_Identifier ID="6270">"No"</Hide_if_Single_Identifier>
			</Identifier_Index>
		</Indices>
		<General>
			<Background_Color ID="1010">RGB&lt;255,255,255&gt;</Background_Color>
			<Font ExtraInfo="78D3D4D2-D2BC-4C37-8F28-00D6E0720349" ID="1030">"cam"</Font>
			<Dense_Aggregation_restricts_to_Domain ID="1022">"Yes"</Dense_Aggregation_restricts_to_Domain>
			<User_Modifications>
				<User_Dialog ID="1210">"Allowed"</User_Dialog>
				<Drag_Drop_Headers ID="1220">"Allowed"</Drag_Drop_Headers>
				<Open_Close_Tree_Nodes ID="1240">"Allowed"</Open_Close_Tree_Nodes>
				<Reload_Layout_State ID="1241">"Not Allowed"</Reload_Layout_State>
			</User_Modifications>
			<Save_Layout_State>
				<Store_Entire_Tree_Layout ID="1110">1</Store_Entire_Tree_Layout>
			</Save_Layout_State>
		</General>
		<Row_Area>
			<Layout ID="2008">"Indentation Mode"</Layout>
			<Text_Color ID="2020">RGB&lt;24,71,159&gt;</Text_Color>
			<Headers>
				<Background_Color ID="2120">RGB&lt;0,0,128&gt;</Background_Color>
				<Text_Color ID="2130">RGB&lt;255,255,255&gt;</Text_Color>
				<Show_Sub_Headers ID="2150">"No"</Show_Sub_Headers>
			</Headers>
			<Grid_Focus_Indicator>
				<Background_Color ID="2270">RGB&lt;0,0,168&gt;</Background_Color>
				<Text_Color ID="2280">RGB&lt;255,255,200&gt;</Text_Color>
			</Grid_Focus_Indicator>
		</Row_Area>
		<Column_Area>
			<Auto_resize_Column_Widths ID="3006">"Never"</Auto_resize_Column_Widths>
			<Headers>
				<Show_Sub_Headers ID="3150">"No"</Show_Sub_Headers>
			</Headers>
		</Column_Area>
		<Outer_Area>
			<Same_as_Row_Area ID="3505">"Yes"</Same_as_Row_Area>
			<Background_Color ID="3510">RGB&lt;0,0,128&gt;</Background_Color>
			<Text_Color ID="3520">RGB&lt;255,255,255&gt;</Text_Color>
		</Outer_Area>
		<Grid_Area>
			<Selection>
				<Background_Color ID="5120">RGB&lt;24,71,159&gt;</Background_Color>
			</Selection>
			<Aggregators>
				<Background_Color ID="5220">RGB&lt;255,128,128&gt;</Background_Color>
			</Aggregators>
			<Sub_Header_Row_or_Column>
				<Background_Color ID="5320">RGB&lt;255,255,200&gt;</Background_Color>
			</Sub_Header_Row_or_Column>
		</Grid_Area>
	</PageObject>
	<PageObject Type="Text">
		<Location top="1038" left="456" bottom="1062" right="594" />
		<StaticText>Slag Basicity</StaticText>
		<Alignment>Center</Alignment>
		<Font GUID="78D3D4D2-D2BC-4C37-8F28-00D6E0720349" Name="cam" />
		<TextColor RGB="#18479f" />
	</PageObject>
	<PageObject Type="Pivot Table">
		<Location top="558" left="48" bottom="696" right="396" />
		<TabOrder>7</TabOrder>
		<ObjectUUID>A1EB256D-F8DA-414F-9A27-B1945DB9A2F9</ObjectUUID>
		<Font GUID="00000000-0000-0000-0000-000000000001" Name="Main Font" />
		<Border Style="None" Width="2" MarginTop="1" MarginRight="1" MarginBottom="1" MarginLeft="1" />
		<Contents>
			<Explicit_Identifier>
				<Identifier ID="4110">output_bf_ore_breakdown( bf_s, os )</Identifier>
				<Title ID="4120">"%"</Title>
				<Format>
					<Decimal_Places ID="4312">2</Decimal_Places>
					<Show_1000_seperator ID="4313">"Yes"</Show_1000_seperator>
					<Alignment ID="4330">"Center"</Alignment>
				</Format>
				<Colors>
					<Text_Color ID="4165">RGB 9f4718</Text_Color>
					<Use_Colors_for_Updatable_Entries_Only ID="4166">0</Use_Colors_for_Updatable_Entries_Only>
				</Colors>
			</Explicit_Identifier>
		</Contents>
		<Indices>
			<Explicit_Index>
				<Index ID="6510">he</Index>
				<Header_Title ID="6530">"Properties"</Header_Title>
				<Colors>
					<Text_Color ID="6540">RGB 000000</Text_Color>
				</Colors>
			</Explicit_Index>
			<Identifier_Index>
				<Header_Title ID="6230">""</Header_Title>
				<Colors>
					<Background_Color ID="6242">RGB 9f4718</Background_Color>
					<Text_Color ID="6240">RGB ffffff</Text_Color>
				</Colors>
				<Column_Width ID="6255">bft2</Column_Width>
				<Hide_if_Single_Identifier ID="6270">"No"</Hide_if_Single_Identifier>
			</Identifier_Index>
		</Indices>
		<General>
			<Background_Color ID="1010">RGB&lt;255,255,255&gt;</Background_Color>
			<Font ExtraInfo="78D3D4D2-D2BC-4C37-8F28-00D6E0720349" ID="1030">"cam"</Font>
			<Dense_Aggregation_restricts_to_Domain ID="1022">"Yes"</Dense_Aggregation_restricts_to_Domain>
			<User_Modifications>
				<User_Dialog ID="1210">"Allowed"</User_Dialog>
				<Drag_Drop_Headers ID="1220">"Allowed"</Drag_Drop_Headers>
				<Open_Close_Tree_Nodes ID="1240">"Allowed"</Open_Close_Tree_Nodes>
				<Reload_Layout_State ID="1241">"Not Allowed"</Reload_Layout_State>
			</User_Modifications>
			<Save_Layout_State>
				<Store_Entire_Tree_Layout ID="1110">1</Store_Entire_Tree_Layout>
			</Save_Layout_State>
		</General>
		<Row_Area>
			<Layout ID="2008">"Indentation Mode"</Layout>
			<Text_Color ID="2020">RGB&lt;24,71,159&gt;</Text_Color>
			<Headers>
				<Background_Color ID="2120">RGB&lt;0,0,128&gt;</Background_Color>
				<Text_Color ID="2130">RGB&lt;255,255,255&gt;</Text_Color>
				<Show_Sub_Headers ID="2150">"No"</Show_Sub_Headers>
			</Headers>
			<Grid_Focus_Indicator>
				<Background_Color ID="2270">RGB&lt;0,0,168&gt;</Background_Color>
				<Text_Color ID="2280">RGB&lt;255,255,200&gt;</Text_Color>
			</Grid_Focus_Indicator>
		</Row_Area>
		<Column_Area>
			<Auto_resize_Column_Widths ID="3006">"Never"</Auto_resize_Column_Widths>
			<Headers>
				<Show_Sub_Headers ID="3150">"No"</Show_Sub_Headers>
			</Headers>
		</Column_Area>
		<Outer_Area>
			<Same_as_Row_Area ID="3505">"Yes"</Same_as_Row_Area>
			<Background_Color ID="3510">RGB&lt;0,0,128&gt;</Background_Color>
			<Text_Color ID="3520">RGB&lt;255,255,255&gt;</Text_Color>
		</Outer_Area>
		<Grid_Area>
			<Selection>
				<Background_Color ID="5120">RGB&lt;24,71,159&gt;</Background_Color>
			</Selection>
			<Aggregators>
				<Background_Color ID="5220">RGB&lt;255,128,128&gt;</Background_Color>
			</Aggregators>
			<Sub_Header_Row_or_Column>
				<Background_Color ID="5320">RGB&lt;255,255,200&gt;</Background_Color>
			</Sub_Header_Row_or_Column>
		</Grid_Area>
	</PageObject>
	<PageObject Type="Text">
		<Location top="522" left="66" bottom="540" right="192" />
		<StaticText>Ore Breakdown</StaticText>
		<Alignment>Center</Alignment>
		<Font GUID="78D3D4D2-D2BC-4C37-8F28-00D6E0720349" Name="cam" />
		<TextColor RGB="#18479f" />
	</PageObject>
	<UsedReferences>
		<Model>
			<Symbol>bft2</Symbol>
			<Symbol>bft3</Symbol>
			<Symbol>output_sinter_total_production</Symbol>
			<Symbol>output_sinter_cost</Symbol>
			<Symbol>output_pellet_production_2</Symbol>
			<Symbol>Output_pellet_cost</Symbol>
			<Symbol>Output_burden_perc_2</Symbol>
			<Symbol>Output_burden_total_2</Symbol>
			<Symbol>Output_hm_cost_bf1</Symbol>
			<Symbol>Output_hm_cost_bf2</Symbol>
			<Symbol>Output_hm_produced_bf1</Symbol>
			<Symbol>Output_hm_produced_bf2</Symbol>
			<Symbol>output_bf_flux_quantity_2</Symbol>
			<Symbol>output_bf_ore_cost</Symbol>
			<Symbol>output_bf_ore_productions</Symbol>
			<Symbol>output_slag_rate</Symbol>
			<Symbol>Output_slag_chemistry_2</Symbol>
			<Symbol>output_slag_basicity_2</Symbol>
			<Symbol>Output_alumina_load</Symbol>
			<Symbol>output_coke_fuel_rate</Symbol>
			<Symbol>output_pci_coal_used_2</Symbol>
			<Symbol>output_total_fuel_rate</Symbol>
			<Symbol>Output_hm_chemistry_2</Symbol>
			<Symbol>bf_s</Symbol>
			<Symbol>ccp1</Symbol>
			<Symbol>os</Symbol>
			<Symbol>he</Symbol>
			<Symbol>bfs</Symbol>
			<Symbol>output_bf_ore_breakdown</Symbol>
		</Model>
	</UsedReferences>
</Page>
