<?xml version="1.0"?>
<Page Version="4000" TimeStamp="2020-01-24 07:27:50">
	<PageEditSize Type="Inherited" />
	<ProjectUUID>F686E807-0E49-419F-97D6-5D78B49FEADF</ProjectUUID>
	<TemplatesTabOrderPosition>1</TemplatesTabOrderPosition>
	<Background RGB="#ffffff" />
	<PageObject Type="Picture">
		<Location top="12" left="12" bottom="90" right="288" />
		<FileName LiteralFileName="true">"MainProject\logo.png"</FileName>
		<Display>StretchOrShrink</Display>
		<Center>true</Center>
	</PageObject>
	<PageObject Type="Text">
		<Location top="36" left="288" bottom="84" right="852" />
		<StaticText>Iron Zone optimization model</StaticText>
		<Alignment>Center</Alignment>
		<Font GUID="A6D7D77D-701C-4A37-BA78-70C3F0497885" Name="headerizom" />
		<TextColor RGB="#18479f" />
	</PageObject>
	<PageObject Type="Pivot Table">
		<Location top="102" left="0" bottom="546" right="1032" />
		<TabOrder>1</TabOrder>
		<ObjectUUID>47C1C3D8-0F27-49BD-BD7C-0150926FEFDA</ObjectUUID>
		<Font GUID="00000000-0000-0000-0000-000000000001" Name="Main Font" />
		<Border Style="None" Width="2" MarginTop="1" MarginRight="1" MarginBottom="1" MarginLeft="1" />
		<Contents>
			<Explicit_Identifier>
				<Identifier ID="4110">coke_c_data( ccp, ccb )</Identifier>
				<Title ID="4120">"Coke Plant Constraints"</Title>
				<Format>
					<Decimal_Places ID="4312">2</Decimal_Places>
					<Show_1000_seperator ID="4313">"Yes"</Show_1000_seperator>
					<Alignment ID="4330">"Center"</Alignment>
				</Format>
				<Colors>
					<Text_Color ID="4165">RGB 9f4718</Text_Color>
					<Use_Colors_for_Updatable_Entries_Only ID="4166">0</Use_Colors_for_Updatable_Entries_Only>
				</Colors>
			</Explicit_Identifier>
		</Contents>
		<Indices>
			<Explicit_Index>
				<Index ID="6510">ccp</Index>
				<Header_Title ID="6530">"Parameters"</Header_Title>
			</Explicit_Index>
			<Explicit_Index>
				<Index ID="6510">ccb</Index>
				<Header_Title ID="6530">""</Header_Title>
				<Colors>
					<Background_Color ID="6542">RGB 9f4718</Background_Color>
					<Text_Color ID="6540">RGB ffffff</Text_Color>
				</Colors>
			</Explicit_Index>
			<Identifier_Index>
				<Colors>
					<Background_Color ID="6242">RGB 9f4718</Background_Color>
					<Text_Color ID="6240">RGB ffffff</Text_Color>
				</Colors>
				<Hide_if_Single_Identifier ID="6270">"No"</Hide_if_Single_Identifier>
			</Identifier_Index>
		</Indices>
		<General>
			<Background_Color ID="1010">RGB&lt;255,255,255&gt;</Background_Color>
			<Font ExtraInfo="78D3D4D2-D2BC-4C37-8F28-00D6E0720349" ID="1030">"cam"</Font>
			<Dense_Aggregation_restricts_to_Domain ID="1022">"Yes"</Dense_Aggregation_restricts_to_Domain>
		</General>
		<Row_Area>
			<Text_Color ID="2020">RGB&lt;24,71,159&gt;</Text_Color>
			<Headers>
				<Background_Color ID="2120">RGB&lt;0,0,128&gt;</Background_Color>
				<Text_Color ID="2130">RGB&lt;255,255,255&gt;</Text_Color>
				<Show_Sub_Headers ID="2150">"No"</Show_Sub_Headers>
			</Headers>
			<Grid_Focus_Indicator>
				<Background_Color ID="2270">RGB&lt;0,0,168&gt;</Background_Color>
				<Text_Color ID="2280">RGB&lt;255,255,200&gt;</Text_Color>
			</Grid_Focus_Indicator>
		</Row_Area>
		<Column_Area>
			<Headers>
				<Show_Sub_Headers ID="3150">"No"</Show_Sub_Headers>
			</Headers>
		</Column_Area>
		<Outer_Area>
			<Same_as_Row_Area ID="3505">"No"</Same_as_Row_Area>
			<Background_Color ID="3510">RGB&lt;0,0,128&gt;</Background_Color>
			<Text_Color ID="3520">RGB&lt;255,255,255&gt;</Text_Color>
		</Outer_Area>
		<Grid_Area>
			<Selection>
				<Background_Color ID="5120">RGB&lt;24,71,159&gt;</Background_Color>
			</Selection>
			<Aggregators>
				<Background_Color ID="5220">RGB&lt;255,128,128&gt;</Background_Color>
			</Aggregators>
			<Sub_Header_Row_or_Column>
				<Background_Color ID="5320">RGB&lt;255,255,200&gt;</Background_Color>
			</Sub_Header_Row_or_Column>
		</Grid_Area>
	</PageObject>
	<UsedReferences>
		<Model>
			<Symbol>coke_c_data</Symbol>
			<Symbol>ccp</Symbol>
			<Symbol>ccb</Symbol>
		</Model>
	</UsedReferences>
</Page>
