<?xml version="1.0"?>
<Page Version="4000" TimeStamp="2020-03-21 17:36:45">
	<PageEditSize Type="Inherited" />
	<ProjectUUID>F686E807-0E49-419F-97D6-5D78B49FEADF</ProjectUUID>
	<TemplatesTabOrderPosition>1</TemplatesTabOrderPosition>
	<Background RGB="#ffffff" />
	<PageObject Type="Text">
		<Location top="66" left="0" bottom="96" right="810" />
		<StaticText>Coke Plant Summary</StaticText>
		<Alignment>Center</Alignment>
		<Font GUID="2DAC9622-117B-44C5-B858-5F5723D7A784" Name="cam14" />
		<TextColor RGB="#18479f" />
	</PageObject>
	<PageObject Type="Table">
		<MultipleCases>true</MultipleCases>
		<Location top="96" left="0" bottom="186" right="816" />
		<TabOrder>5</TabOrder>
		<Font GUID="A6D7D77D-701C-4A37-BA78-70C3F0497885" Name="headerizom" />
		<Border Style="None" Width="1" MarginTop="1" MarginRight="1" MarginBottom="1" MarginLeft="1" />
		<BackgroundColor RGB="#d8e4f9" />
		<RowIndentation>3</RowIndentation>
		<ExplicitIdentifier>
			<Identifier>output_coke_produced</Identifier>
			<FirstColumn>0</FirstColumn>
			<HeaderText>"Coke Production (T/ Day) "</HeaderText>
			<NumberFormat Width="6" Decimals="0" ThousandSeparator="true" Alignment="Left" />
		</ExplicitIdentifier>
		<ExplicitIdentifier>
			<Identifier>output_co_gas_generation</Identifier>
			<FirstColumn>0</FirstColumn>
			<HeaderText>"CO Gas Generation (NM3/MT)"</HeaderText>
			<NumberFormat Width="4" Decimals="0" />
		</ExplicitIdentifier>
		<ExplicitIdentifier>
			<Identifier>output_coke_cost</Identifier>
			<FirstColumn>0</FirstColumn>
			<HeaderText>"Coke Cost (Rs / T Coke)"</HeaderText>
			<NumberFormat Width="6" Decimals="0" />
		</ExplicitIdentifier>
	</PageObject>
	<PageObject Type="Picture">
		<Location top="0" left="0" bottom="78" right="276" />
		<FileName LiteralFileName="true">"MainProject\logo.png"</FileName>
		<Display>StretchOrShrink</Display>
		<Center>true</Center>
	</PageObject>
	<PageObject Type="Text">
		<Location top="24" left="186" bottom="66" right="840" />
		<StaticText>Iron Zone optimization model</StaticText>
		<Alignment>Center</Alignment>
		<Font GUID="2DAC9622-117B-44C5-B858-5F5723D7A784" Name="cam14" />
		<TextColor RGB="#18479f" />
	</PageObject>
	<PageObject Type="Pivot Table">
		<Location top="210" left="0" bottom="384" right="840" />
		<TabOrder>1</TabOrder>
		<ObjectUUID>9C23118B-BA59-46C2-B64A-F0A71F7A601D</ObjectUUID>
		<Font GUID="00000000-0000-0000-0000-000000000001" Name="Main Font" />
		<Border Style="None" Width="2" MarginTop="1" MarginRight="1" MarginBottom="1" MarginLeft="1" />
		<Contents>
			<Explicit_Identifier>
				<Identifier ID="4110">output_Coal_Ratio( ct, cs )</Identifier>
				<Title ID="4120">"Unit %"</Title>
				<Format>
					<Decimal_Places ID="4312">1</Decimal_Places>
					<Show_1000_seperator ID="4313">"Yes"</Show_1000_seperator>
					<Alignment ID="4330">"Center"</Alignment>
				</Format>
				<Colors>
					<Text_Color ID="4165">RGB 9f4718</Text_Color>
					<Use_Colors_for_Updatable_Entries_Only ID="4166">0</Use_Colors_for_Updatable_Entries_Only>
				</Colors>
			</Explicit_Identifier>
		</Contents>
		<Indices>
			<Explicit_Index>
				<Index ID="6510">ct</Index>
				<Header_Title ID="6530">"Coal Type"</Header_Title>
			</Explicit_Index>
			<Explicit_Index>
				<Index ID="6510">cs</Index>
				<Header_Title ID="6530">"Coal Source"</Header_Title>
				<Colors>
					<Text_Color ID="6540">RGB 000000</Text_Color>
				</Colors>
			</Explicit_Index>
			<Identifier_Index>
				<Header_Title ID="6230">""</Header_Title>
				<Colors>
					<Background_Color ID="6242">RGB 9f4718</Background_Color>
					<Text_Color ID="6240">RGB ffffff</Text_Color>
				</Colors>
				<Header_Width ID="6257">ct11</Header_Width>
				<Hide_if_Single_Identifier ID="6270">"No"</Hide_if_Single_Identifier>
			</Identifier_Index>
		</Indices>
		<General>
			<Background_Color ID="1010">RGB&lt;255,255,255&gt;</Background_Color>
			<Font ExtraInfo="78D3D4D2-D2BC-4C37-8F28-00D6E0720349" ID="1030">"cam"</Font>
			<Multiple_Case_View ID="1020">"Yes"</Multiple_Case_View>
			<Dense_Aggregation_restricts_to_Domain ID="1022">"Yes"</Dense_Aggregation_restricts_to_Domain>
			<User_Modifications>
				<Reload_Layout_State ID="1241">"Not Allowed"</Reload_Layout_State>
			</User_Modifications>
		</General>
		<Row_Area>
			<Text_Color ID="2020">RGB&lt;24,71,159&gt;</Text_Color>
			<Headers>
				<Background_Color ID="2120">RGB&lt;0,0,128&gt;</Background_Color>
				<Text_Color ID="2130">RGB&lt;255,255,255&gt;</Text_Color>
				<Show_Sub_Headers ID="2150">"No"</Show_Sub_Headers>
			</Headers>
			<Grid_Focus_Indicator>
				<Background_Color ID="2270">RGB&lt;0,0,168&gt;</Background_Color>
				<Text_Color ID="2280">RGB&lt;255,255,200&gt;</Text_Color>
			</Grid_Focus_Indicator>
		</Row_Area>
		<Column_Area>
			<Headers>
				<Show_Sub_Headers ID="3150">"No"</Show_Sub_Headers>
			</Headers>
		</Column_Area>
		<Outer_Area>
			<Same_as_Row_Area ID="3505">"No"</Same_as_Row_Area>
			<Background_Color ID="3510">RGB&lt;0,0,128&gt;</Background_Color>
			<Text_Color ID="3520">RGB&lt;255,255,255&gt;</Text_Color>
		</Outer_Area>
		<Grid_Area>
			<Selection>
				<Background_Color ID="5120">RGB&lt;24,71,159&gt;</Background_Color>
			</Selection>
			<Aggregators>
				<Background_Color ID="5220">RGB&lt;255,128,128&gt;</Background_Color>
			</Aggregators>
			<Sub_Header_Row_or_Column>
				<Background_Color ID="5320">RGB&lt;255,255,200&gt;</Background_Color>
			</Sub_Header_Row_or_Column>
		</Grid_Area>
	</PageObject>
	<PageObject Type="Pivot Table">
		<Location top="432" left="0" bottom="660" right="834" />
		<TabOrder>3</TabOrder>
		<ObjectUUID>573F408B-67EC-49B1-AA6D-70B12D429EA8</ObjectUUID>
		<Font GUID="00000000-0000-0000-0000-000000000001" Name="Main Font" />
		<Border Style="None" Width="2" MarginTop="1" MarginRight="1" MarginBottom="1" MarginLeft="1" />
		<Contents>
			<Explicit_Identifier>
				<Identifier ID="4110">output_coal_specs( cp1 )</Identifier>
				<Title ID="4120">"Unit %"</Title>
				<Format>
					<Decimal_Places ID="4312">2</Decimal_Places>
					<Show_1000_seperator ID="4313">"Yes"</Show_1000_seperator>
					<Alignment ID="4330">"Center"</Alignment>
				</Format>
				<Colors>
					<Text_Color ID="4165">RGB 9f4718</Text_Color>
					<Use_Colors_for_Updatable_Entries_Only ID="4166">0</Use_Colors_for_Updatable_Entries_Only>
				</Colors>
			</Explicit_Identifier>
		</Contents>
		<Indices>
			<Explicit_Index>
				<Index ID="6510">cp1</Index>
				<Header_Title ID="6530">"Coal Properties"</Header_Title>
			</Explicit_Index>
			<Identifier_Index>
				<Header_Title ID="6230">""</Header_Title>
				<Colors>
					<Background_Color ID="6242">RGB 9f4718</Background_Color>
					<Text_Color ID="6240">RGB ffffff</Text_Color>
				</Colors>
				<Header_Width ID="6257">ct12</Header_Width>
				<Hide_if_Single_Identifier ID="6270">"No"</Hide_if_Single_Identifier>
			</Identifier_Index>
		</Indices>
		<General>
			<Background_Color ID="1010">RGB&lt;255,255,255&gt;</Background_Color>
			<Font ExtraInfo="78D3D4D2-D2BC-4C37-8F28-00D6E0720349" ID="1030">"cam"</Font>
			<Multiple_Case_View ID="1020">"Yes"</Multiple_Case_View>
			<Dense_Aggregation_restricts_to_Domain ID="1022">"Yes"</Dense_Aggregation_restricts_to_Domain>
			<User_Modifications>
				<Reload_Layout_State ID="1241">"Not Allowed"</Reload_Layout_State>
			</User_Modifications>
			<Save_Layout_State>
				<Store_Entire_Tree_Layout ID="1110">1</Store_Entire_Tree_Layout>
			</Save_Layout_State>
		</General>
		<Row_Area>
			<Text_Color ID="2020">RGB&lt;24,71,159&gt;</Text_Color>
			<Headers>
				<Background_Color ID="2120">RGB&lt;0,0,128&gt;</Background_Color>
				<Text_Color ID="2130">RGB&lt;255,255,255&gt;</Text_Color>
				<Show_Sub_Headers ID="2150">"No"</Show_Sub_Headers>
			</Headers>
			<Grid_Focus_Indicator>
				<Background_Color ID="2270">RGB&lt;0,0,168&gt;</Background_Color>
				<Text_Color ID="2280">RGB&lt;255,255,200&gt;</Text_Color>
			</Grid_Focus_Indicator>
		</Row_Area>
		<Column_Area>
			<Headers>
				<Show_Sub_Headers ID="3150">"No"</Show_Sub_Headers>
			</Headers>
		</Column_Area>
		<Outer_Area>
			<Same_as_Row_Area ID="3505">"No"</Same_as_Row_Area>
			<Background_Color ID="3510">RGB&lt;0,0,128&gt;</Background_Color>
			<Text_Color ID="3520">RGB&lt;255,255,255&gt;</Text_Color>
		</Outer_Area>
		<Grid_Area>
			<Selection>
				<Background_Color ID="5120">RGB&lt;24,71,159&gt;</Background_Color>
			</Selection>
			<Aggregators>
				<Background_Color ID="5220">RGB&lt;255,128,128&gt;</Background_Color>
			</Aggregators>
			<Sub_Header_Row_or_Column>
				<Background_Color ID="5320">RGB&lt;255,255,200&gt;</Background_Color>
			</Sub_Header_Row_or_Column>
		</Grid_Area>
	</PageObject>
	<PageObject Type="Pivot Table">
		<Location top="894" left="0" bottom="1074" right="846" />
		<TabOrder>2</TabOrder>
		<ObjectUUID>39D44F00-66C0-4083-8C43-97CF64D36A86</ObjectUUID>
		<Font GUID="00000000-0000-0000-0000-000000000001" Name="Main Font" />
		<Border Style="None" Width="2" MarginTop="1" MarginRight="1" MarginBottom="1" MarginLeft="1" />
		<Contents>
			<Explicit_Identifier>
				<Identifier ID="4110">output_coal_requirement( ct, cs )</Identifier>
				<Title ID="4120">"T/Day"</Title>
				<Format>
					<Decimal_Places ID="4312">0</Decimal_Places>
					<Show_1000_seperator ID="4313">"Yes"</Show_1000_seperator>
					<Alignment ID="4330">"Center"</Alignment>
				</Format>
				<Colors>
					<Text_Color ID="4165">RGB 9f4718</Text_Color>
					<Use_Colors_for_Updatable_Entries_Only ID="4166">0</Use_Colors_for_Updatable_Entries_Only>
				</Colors>
			</Explicit_Identifier>
		</Contents>
		<Indices>
			<Explicit_Index>
				<Index ID="6510">ct</Index>
				<Header_Title ID="6530">"Coal Type"</Header_Title>
			</Explicit_Index>
			<Explicit_Index>
				<Index ID="6510">cs</Index>
				<Header_Title ID="6530">"Coal Source"</Header_Title>
				<Colors>
					<Text_Color ID="6540">RGB 000000</Text_Color>
				</Colors>
			</Explicit_Index>
			<Identifier_Index>
				<Header_Title ID="6230">""</Header_Title>
				<Colors>
					<Background_Color ID="6242">RGB 9f4718</Background_Color>
					<Text_Color ID="6240">RGB ffffff</Text_Color>
				</Colors>
				<Header_Width ID="6257">ct13</Header_Width>
				<Hide_if_Single_Identifier ID="6270">"No"</Hide_if_Single_Identifier>
			</Identifier_Index>
		</Indices>
		<General>
			<Background_Color ID="1010">RGB&lt;255,255,255&gt;</Background_Color>
			<Font ExtraInfo="78D3D4D2-D2BC-4C37-8F28-00D6E0720349" ID="1030">"cam"</Font>
			<Multiple_Case_View ID="1020">"Yes"</Multiple_Case_View>
			<Dense_Aggregation_restricts_to_Domain ID="1022">"Yes"</Dense_Aggregation_restricts_to_Domain>
			<User_Modifications>
				<Reload_Layout_State ID="1241">"Not Allowed"</Reload_Layout_State>
			</User_Modifications>
			<Save_Layout_State>
				<By_Developer ID="1115">"When being Saved"</By_Developer>
				<Store_Entire_Tree_Layout ID="1110">1</Store_Entire_Tree_Layout>
			</Save_Layout_State>
		</General>
		<Row_Area>
			<Text_Color ID="2020">RGB&lt;24,71,159&gt;</Text_Color>
			<Headers>
				<Background_Color ID="2120">RGB&lt;0,0,128&gt;</Background_Color>
				<Text_Color ID="2130">RGB&lt;255,255,255&gt;</Text_Color>
				<Show_Sub_Headers ID="2150">"No"</Show_Sub_Headers>
			</Headers>
			<Grid_Focus_Indicator>
				<Background_Color ID="2270">RGB&lt;0,0,168&gt;</Background_Color>
				<Text_Color ID="2280">RGB&lt;255,255,200&gt;</Text_Color>
			</Grid_Focus_Indicator>
		</Row_Area>
		<Column_Area>
			<Headers>
				<Show_Sub_Headers ID="3150">"No"</Show_Sub_Headers>
			</Headers>
		</Column_Area>
		<Outer_Area>
			<Same_as_Row_Area ID="3505">"No"</Same_as_Row_Area>
			<Background_Color ID="3510">RGB&lt;0,0,128&gt;</Background_Color>
			<Text_Color ID="3520">RGB&lt;255,255,255&gt;</Text_Color>
		</Outer_Area>
		<Grid_Area>
			<Selection>
				<Background_Color ID="5120">RGB&lt;24,71,159&gt;</Background_Color>
			</Selection>
			<Aggregators>
				<Background_Color ID="5220">RGB&lt;255,128,128&gt;</Background_Color>
			</Aggregators>
			<Sub_Header_Row_or_Column>
				<Background_Color ID="5320">RGB&lt;255,255,200&gt;</Background_Color>
			</Sub_Header_Row_or_Column>
		</Grid_Area>
	</PageObject>
	<PageObject Type="Pivot Table">
		<Location top="696" left="6" bottom="876" right="846" />
		<TabOrder>4</TabOrder>
		<ObjectUUID>09B633FE-0015-4AEC-A7FD-97D7F76BFC4D</ObjectUUID>
		<Font GUID="00000000-0000-0000-0000-000000000001" Name="Main Font" />
		<Border Style="None" Width="2" MarginTop="1" MarginRight="1" MarginBottom="1" MarginLeft="1" />
		<Contents>
			<Explicit_Identifier>
				<Identifier ID="4110">output_coke_specs( ccp )</Identifier>
				<Title ID="4120">"Unit %"</Title>
				<Format>
					<Decimal_Places ID="4312">2</Decimal_Places>
					<Show_1000_seperator ID="4313">"Yes"</Show_1000_seperator>
					<Alignment ID="4330">"Center"</Alignment>
				</Format>
				<Colors>
					<Text_Color ID="4165">RGB 9f4718</Text_Color>
					<Use_Colors_for_Updatable_Entries_Only ID="4166">0</Use_Colors_for_Updatable_Entries_Only>
				</Colors>
			</Explicit_Identifier>
		</Contents>
		<Indices>
			<Explicit_Index>
				<Index ID="6510">ccp</Index>
				<Header_Title ID="6530">"Coal Properties"</Header_Title>
			</Explicit_Index>
			<Identifier_Index>
				<Header_Title ID="6230">""</Header_Title>
				<Colors>
					<Background_Color ID="6242">RGB 9f4718</Background_Color>
					<Text_Color ID="6240">RGB ffffff</Text_Color>
				</Colors>
				<Header_Width ID="6257">ct14</Header_Width>
				<Hide_if_Single_Identifier ID="6270">"No"</Hide_if_Single_Identifier>
			</Identifier_Index>
		</Indices>
		<General>
			<Background_Color ID="1010">RGB&lt;255,255,255&gt;</Background_Color>
			<Font ExtraInfo="78D3D4D2-D2BC-4C37-8F28-00D6E0720349" ID="1030">"cam"</Font>
			<Multiple_Case_View ID="1020">"Yes"</Multiple_Case_View>
			<Dense_Aggregation_restricts_to_Domain ID="1022">"Yes"</Dense_Aggregation_restricts_to_Domain>
			<User_Modifications>
				<Reload_Layout_State ID="1241">"Not Allowed"</Reload_Layout_State>
			</User_Modifications>
			<Save_Layout_State>
				<Store_Entire_Tree_Layout ID="1110">1</Store_Entire_Tree_Layout>
			</Save_Layout_State>
		</General>
		<Row_Area>
			<Text_Color ID="2020">RGB&lt;24,71,159&gt;</Text_Color>
			<Headers>
				<Background_Color ID="2120">RGB&lt;0,0,128&gt;</Background_Color>
				<Text_Color ID="2130">RGB&lt;255,255,255&gt;</Text_Color>
				<Show_Sub_Headers ID="2150">"No"</Show_Sub_Headers>
			</Headers>
			<Grid_Focus_Indicator>
				<Background_Color ID="2270">RGB&lt;0,0,168&gt;</Background_Color>
				<Text_Color ID="2280">RGB&lt;255,255,200&gt;</Text_Color>
			</Grid_Focus_Indicator>
		</Row_Area>
		<Column_Area>
			<Headers>
				<Show_Sub_Headers ID="3150">"No"</Show_Sub_Headers>
			</Headers>
		</Column_Area>
		<Outer_Area>
			<Same_as_Row_Area ID="3505">"No"</Same_as_Row_Area>
			<Background_Color ID="3510">RGB&lt;0,0,128&gt;</Background_Color>
			<Text_Color ID="3520">RGB&lt;255,255,255&gt;</Text_Color>
		</Outer_Area>
		<Grid_Area>
			<Selection>
				<Background_Color ID="5120">RGB&lt;24,71,159&gt;</Background_Color>
			</Selection>
			<Aggregators>
				<Background_Color ID="5220">RGB&lt;255,128,128&gt;</Background_Color>
			</Aggregators>
			<Sub_Header_Row_or_Column>
				<Background_Color ID="5320">RGB&lt;255,255,200&gt;</Background_Color>
			</Sub_Header_Row_or_Column>
		</Grid_Area>
	</PageObject>
	<PageObject Type="Text">
		<Location top="678" left="24" bottom="702" right="810" />
		<StaticText>Coke Physical Properties</StaticText>
		<Alignment>Center</Alignment>
		<Font GUID="78D3D4D2-D2BC-4C37-8F28-00D6E0720349" Name="cam" />
		<TextColor RGB="#18479f" />
	</PageObject>
	<PageObject Type="Text">
		<Location top="192" left="6" bottom="216" right="816" />
		<StaticText>Coal Mix Ratio</StaticText>
		<Alignment>Center</Alignment>
		<Font GUID="78D3D4D2-D2BC-4C37-8F28-00D6E0720349" Name="cam" />
		<TextColor RGB="#18479f" />
	</PageObject>
	<PageObject Type="Text">
		<Location top="396" left="12" bottom="426" right="810" />
		<StaticText>Coal Mix Chemical Properties</StaticText>
		<Alignment>Center</Alignment>
		<Font GUID="78D3D4D2-D2BC-4C37-8F28-00D6E0720349" Name="cam" />
		<TextColor RGB="#18479f" />
	</PageObject>
	<PageObject Type="Text">
		<Location top="876" left="30" bottom="900" right="816" />
		<StaticText>Coal Requirement (T/Day)</StaticText>
		<Alignment>Center</Alignment>
		<Font GUID="78D3D4D2-D2BC-4C37-8F28-00D6E0720349" Name="cam" />
		<TextColor RGB="#18479f" />
	</PageObject>
	<UsedReferences>
		<Model>
			<Symbol>output_coke_produced</Symbol>
			<Symbol>output_coal_requirement</Symbol>
			<Symbol>output_coke_cost</Symbol>
			<Symbol>output_co_gas_generation</Symbol>
			<Symbol>output_coal_specs</Symbol>
			<Symbol>output_coke_specs</Symbol>
			<Symbol>output_Coal_Ratio</Symbol>
			<Symbol>ct</Symbol>
			<Symbol>cs</Symbol>
			<Symbol>cp1</Symbol>
			<Symbol>ccp</Symbol>
			<Symbol>ct11</Symbol>
			<Symbol>ct12</Symbol>
			<Symbol>ct13</Symbol>
			<Symbol>ct14</Symbol>
		</Model>
	</UsedReferences>
</Page>
