<?xml version="1.0"?>
<Page Version="4000" TimeStamp="2020-01-30 07:52:35">
	<PageEditSize Type="Inherited" />
	<ProjectUUID>F686E807-0E49-419F-97D6-5D78B49FEADF</ProjectUUID>
	<TemplatesTabOrderPosition>1</TemplatesTabOrderPosition>
	<Background>
		<UserColor GUID="33BB2465-9D09-4035-9765-4D4D12BABAAE">white</UserColor>
	</Background>
	<PageObject Type="Picture">
		<Location top="18" left="6" bottom="84" right="252" />
		<FileName LiteralFileName="true">"Images\bcg.png"</FileName>
		<Display>StretchOrShrink</Display>
		<Center>true</Center>
		<KeepRatio>true</KeepRatio>
	</PageObject>
	<PageObject Type="File Name Object">
		<Location top="126" left="396" bottom="168" right="606" />
		<TabOrder>1</TabOrder>
		<Font GUID="DEF43F2C-4C96-4193-A797-AD2C3760CE90" Name="Arial10bi" />
		<Identifier>Workbook_Name</Identifier>
		<AllowedFiles>AnyFile</AllowedFiles>
		<Border Style="InShadow" Width="2" MarginTop="5" MarginRight="5" MarginBottom="5" MarginLeft="5" />
		<BackgroundColor RGB="#ffffff" />
	</PageObject>
	<PageObject Type="Button">
		<Location top="174" left="396" bottom="210" right="606" />
		<TabOrder>2</TabOrder>
		<LeaveOnEnter>false</LeaveOnEnter>
		<ButtonType>Text</ButtonType>
		<Title>"Upload Data"</Title>
		<Font GUID="2A210F3A-8F95-4798-A888-9936B8D34599" Name="Arial12b" />
		<ActionSequence>
			<Action Type="Run">
				<RunWhat>SpecificProcecure</RunWhat>
				<Procedure>Read_Input_Data</Procedure>
				<AbortOnError>true</AbortOnError>
			</Action>
		</ActionSequence>
	</PageObject>
	<PageObject Type="Text">
		<Location top="102" left="396" bottom="138" right="864" />
		<StaticText>Click to choose input file:</StaticText>
		<Font GUID="2A210F3A-8F95-4798-A888-9936B8D34599" Name="Arial12b" />
		<TextColor RGB="#408080" />
	</PageObject>
	<PageObject Type="Picture">
		<Location top="6" left="0" bottom="84" right="276" />
		<FileName LiteralFileName="true">"MainProject\logo.png"</FileName>
		<Display>StretchOrShrink</Display>
		<Center>true</Center>
	</PageObject>
	<PageObject Type="Picture">
		<Location top="222" left="402" bottom="432" right="606" />
		<FileName LiteralFileName="true">"MainProject\innovation.png"</FileName>
		<Display>ActualSize</Display>
		<Center>true</Center>
		<KeepRatio>true</KeepRatio>
	</PageObject>
	<PageObject Type="Button">
		<Location top="438" left="402" bottom="474" right="612" />
		<TabOrder>3</TabOrder>
		<LeaveOnEnter>false</LeaveOnEnter>
		<ButtonType>Text</ButtonType>
		<Title>"Optimize"</Title>
		<Font GUID="2A210F3A-8F95-4798-A888-9936B8D34599" Name="Arial12b" />
		<ActionSequence>
			<Action Type="Run">
				<RunWhat>SpecificProcecure</RunWhat>
				<Procedure>MainExecution</Procedure>
				<AbortOnError>true</AbortOnError>
			</Action>
		</ActionSequence>
	</PageObject>
	<PageObject Type="Text">
		<Location top="36" left="234" bottom="84" right="780" />
		<StaticText>Iron Zone optimization model</StaticText>
		<Alignment>Center</Alignment>
		<Font GUID="2DAC9622-117B-44C5-B858-5F5723D7A784" Name="cam14" />
		<TextColor RGB="#18479f" />
	</PageObject>
	<UsedReferences>
		<Model>
			<Symbol>Read_Input_Data</Symbol>
			<Symbol>Workbook_Name</Symbol>
			<Symbol>MainExecution</Symbol>
		</Model>
	</UsedReferences>
</Page>
