<?xml version="1.0"?>
<Page Version="4000" TimeStamp="2019-07-09 08:40:36" NeedsCompiledModel="false">
	<PageEditSize Type="Inherited" />
	<ProjectUUID>42753576-7FA5-47B2-98F5-5D57B482A1FC</ProjectUUID>
	<TemplatesTabOrderPosition>1</TemplatesTabOrderPosition>
	<Background>
		<UserColor GUID="33BB2465-9D09-4035-9765-4D4D12BABAAE">white</UserColor>
	</Background>
	<PageObject Type="Tabbed Page Object">
		<Location top="0" left="0" bottom="576" right="1194" />
		<TabOrder>1</TabOrder>
		<PrintingOccurrence>Never</PrintingOccurrence>
		<Font GUID="BEBC8540-218A-458E-9B49-97A8FE4E29F2" Name="Arial 8" />
	</PageObject>
	<UsedReferences>
		<Model />
	</UsedReferences>
</Page>
