<?xml version="1.0"?>
<Page Version="4000" TimeStamp="2022-07-04 11:17:37">
	<PageEditSize Type="Inherited" />
	<ProjectUUID>F686E807-0E49-419F-97D6-5D78B49FEADF</ProjectUUID>
	<TemplatesTabOrderPosition>1</TemplatesTabOrderPosition>
	<Background>
		<UserColor GUID="33BB2465-9D09-4035-9765-4D4D12BABAAE">white</UserColor>
	</Background>
	<PageObject Type="Rectangle">
		<Location top="6" left="0" bottom="612" right="186" />
		<FillColor RGB="#c0c0c0" />
		<LineColor RGB="#c0c0c0" />
	</PageObject>
	<PageObject Type="Rectangle">
		<Location top="24" left="6" bottom="72" right="180" />
		<Shape>Out-Shadow</Shape>
		<FillColor RGB="#408080" />
		<LineColor RGB="#5bad82" />
	</PageObject>
	<PageObject Type="Text">
		<Location top="30" left="18" bottom="60" right="162" />
		<StaticText>Menu</StaticText>
		<Alignment>Center</Alignment>
		<Font GUID="944651F2-F035-4D34-8410-A871DD338E8B" Name="ArialNarrow14b" />
		<TextColor RGB="#ffffff" />
	</PageObject>
	<PageObject Type="Button">
		<Location top="178" left="6" bottom="220" right="180" />
		<TabOrder>3</TabOrder>
		<LeaveOnEnter>false</LeaveOnEnter>
		<ButtonType>Text</ButtonType>
		<Title>"Upload data"</Title>
		<BackgroundColor RGB="#808080" />
		<ForegroundColor RGB="#ffffff" />
		<Font GUID="2A210F3A-8F95-4798-A888-9936B8D34599" Name="Arial12b" />
		<ActionSequence>
			<Action Type="Run">
				<RunWhat>SpecificProcecure</RunWhat>
				<Procedure>SelectuploadData</Procedure>
				<AbortOnError>true</AbortOnError>
			</Action>
		</ActionSequence>
	</PageObject>
	<PageObject Type="Button">
		<Location top="306" left="6" bottom="348" right="180" />
		<TabOrder>2</TabOrder>
		<LeaveOnEnter>false</LeaveOnEnter>
		<ButtonType>Text</ButtonType>
		<Title>"Optimize"</Title>
		<BackgroundColor RGB="#808080" />
		<ForegroundColor RGB="#ffffff" />
		<Font GUID="2A210F3A-8F95-4798-A888-9936B8D34599" Name="Arial12b" />
		<ActionSequence>
			<Action Type="Run">
				<RunWhat>SpecificProcecure</RunWhat>
				<Procedure>SelectOptimize</Procedure>
				<AbortOnError>true</AbortOnError>
			</Action>
		</ActionSequence>
	</PageObject>
	<PageObject Type="Button">
		<Location top="242" left="6" bottom="284" right="180" />
		<TabOrder>5</TabOrder>
		<LeaveOnEnter>false</LeaveOnEnter>
		<ButtonType>Text</ButtonType>
		<Title>"Review data"</Title>
		<BackgroundColor RGB="#808080" />
		<ForegroundColor RGB="#ffffff" />
		<Font GUID="2A210F3A-8F95-4798-A888-9936B8D34599" Name="Arial12b" />
		<ActionSequence>
			<Action Type="Run">
				<RunWhat>SpecificProcecure</RunWhat>
				<Procedure>selectreviewdata</Procedure>
				<AbortOnError>true</AbortOnError>
			</Action>
		</ActionSequence>
	</PageObject>
	<PageObject Type="Button">
		<Location top="366" left="6" bottom="408" right="180" />
		<TabOrder>1</TabOrder>
		<LeaveOnEnter>false</LeaveOnEnter>
		<ButtonType>Text</ButtonType>
		<Title>"Model Results"</Title>
		<BackgroundColor RGB="#808080" />
		<ForegroundColor RGB="#ffffff" />
		<Font GUID="2A210F3A-8F95-4798-A888-9936B8D34599" Name="Arial12b" />
		<ActionSequence>
			<Action Type="Run">
				<RunWhat>SpecificProcecure</RunWhat>
				<Procedure>selectOutput</Procedure>
				<AbortOnError>true</AbortOnError>
			</Action>
		</ActionSequence>
	</PageObject>
	<PageObject Type="Button">
		<Location top="114" left="6" bottom="156" right="180" />
		<TabOrder>4</TabOrder>
		<LeaveOnEnter>false</LeaveOnEnter>
		<ButtonType>Text</ButtonType>
		<Title>"Home"</Title>
		<BackgroundColor RGB="#808080" />
		<ForegroundColor RGB="#ffffff" />
		<Font GUID="2A210F3A-8F95-4798-A888-9936B8D34599" Name="Arial12b" />
		<ActionSequence>
			<Action Type="Run">
				<RunWhat>SpecificProcecure</RunWhat>
				<Procedure>Selectstartup</Procedure>
				<AbortOnError>true</AbortOnError>
			</Action>
		</ActionSequence>
	</PageObject>
	<PageObject Type="Text">
		<Location top="252" left="312" bottom="270" right="360" />
		<StaticText>Profit</StaticText>
		<Font GUID="BEBC8540-218A-458E-9B49-97A8FE4E29F2" Name="Arial 8" />
		<TextColor RGB="#004080" />
	</PageObject>
	<PageObject Type="Tabbed Page Object">
		<Location top="6" left="186" bottom="612" right="1278" />
		<TabOrder>6</TabOrder>
		<PrintingOccurrence>Never</PrintingOccurrence>
		<Font GUID="00000000-0000-0000-0000-000000000001" Name="Main Font" />
		<ParentPage PageGUID="922D2598-41EA-4F4D-B9B6-8A210BF5FAB3" Name="Menu Selection" />
		<Position>Hidden</Position>
		<MultipleTabRows>true</MultipleTabRows>
		<SelectedPageSymbol>SelectedPageOutput</SelectedPageSymbol>
	</PageObject>
	<UsedReferences>
		<Model>
			<Symbol>SelectuploadData</Symbol>
			<Symbol>Selectstartup</Symbol>
			<Symbol>selectreviewdata</Symbol>
			<Symbol>selectOutput</Symbol>
			<Symbol>SelectOptimize</Symbol>
		</Model>
	</UsedReferences>
</Page>
