<?xml version="1.0"?>
<Page Version="4000" TimeStamp="2019-07-08 12:15:06">
	<PageEditSize Type="Inherited" />
	<ProjectUUID>42753576-7FA5-47B2-98F5-5D57B482A1FC</ProjectUUID>
	<TemplatesTabOrderPosition>1</TemplatesTabOrderPosition>
	<Background>
		<UserColor GUID="33BB2465-9D09-4035-9765-4D4D12BABAAE">white</UserColor>
	</Background>
	<PageObject Type="Picture">
		<Location top="0" left="0" bottom="96" right="174" />
		<FileName LiteralFileName="true">"Images\BCG_MONOGRAM.png"</FileName>
		<Display>StretchOrShrink</Display>
		<Center>true</Center>
		<KeepRatio>true</KeepRatio>
	</PageObject>
	<PageObject Type="File Name Object">
		<Location top="132" left="114" bottom="198" right="720" />
		<Font GUID="00000000-0000-0000-0000-000000000001" Name="Main Font" />
		<Identifier>Workbook_Name</Identifier>
		<AllowedFiles>AnyFile</AllowedFiles>
		<Border Style="InShadow" Width="2" MarginTop="5" MarginRight="5" MarginBottom="5" MarginLeft="5" />
		<BackgroundColor RGB="#ffffff" />
	</PageObject>
	<PageObject Type="Button">
		<Location top="258" left="564" bottom="300" right="720" />
		<LeaveOnEnter>false</LeaveOnEnter>
		<ButtonType>Text</ButtonType>
		<Font GUID="00000000-0000-0000-0000-000000000001" Name="Main Font" />
		<ActionSequence>
			<Action Type="Run">
				<RunWhat>SpecificProcecure</RunWhat>
				<Procedure>Read_Input_Data</Procedure>
				<AbortOnError>true</AbortOnError>
			</Action>
		</ActionSequence>
	</PageObject>
	<UsedReferences>
		<Model>
			<Symbol>Read_Input_Data</Symbol>
			<Symbol>Workbook_Name</Symbol>
		</Model>
	</UsedReferences>
</Page>
