<?xml version="1.0"?>
<Page Version="4000" TimeStamp="2020-01-30 07:52:35">
	<PageEditSize Type="Inherited" />
	<ProjectUUID>F686E807-0E49-419F-97D6-5D78B49FEADF</ProjectUUID>
	<TemplatesTabOrderPosition>1</TemplatesTabOrderPosition>
	<Background>
		<UserColor GUID="33BB2465-9D09-4035-9765-4D4D12BABAAE">white</UserColor>
	</Background>
	<PageObject Type="Picture">
		<Location top="18" left="18" bottom="84" right="264" />
		<FileName LiteralFileName="true">"Images\bcg.png"</FileName>
		<Display>StretchOrShrink</Display>
		<Center>true</Center>
		<KeepRatio>true</KeepRatio>
	</PageObject>
	<PageObject Type="Picture">
		<Location top="84" left="378" bottom="426" right="726" />
		<FileName LiteralFileName="true">"Images\bulb.png"</FileName>
		<Display>StretchOrShrink</Display>
		<Center>true</Center>
		<KeepRatio>true</KeepRatio>
	</PageObject>
	<PageObject Type="Picture">
		<Location top="24" left="18" bottom="90" right="264" />
		<FileName LiteralFileName="true">"Images\bcg.png"</FileName>
		<Display>StretchOrShrink</Display>
		<Center>true</Center>
		<KeepRatio>true</KeepRatio>
	</PageObject>
	<PageObject Type="Picture">
		<Location top="12" left="12" bottom="90" right="288" />
		<FileName LiteralFileName="true">"MainProject\logo.png"</FileName>
		<Display>StretchOrShrink</Display>
		<Center>true</Center>
	</PageObject>
	<PageObject Type="Picture">
		<Location top="174" left="426" bottom="414" right="654" />
		<FileName LiteralFileName="true">"MainProject\innovation.png"</FileName>
		<Display>ActualSize</Display>
		<Center>true</Center>
		<KeepRatio>true</KeepRatio>
	</PageObject>
	<PageObject Type="Button">
		<Location top="408" left="444" bottom="444" right="654" />
		<TabOrder>1</TabOrder>
		<LeaveOnEnter>false</LeaveOnEnter>
		<ButtonType>Text</ButtonType>
		<Title>"Optimize"</Title>
		<Font GUID="2A210F3A-8F95-4798-A888-9936B8D34599" Name="Arial12b" />
		<ActionSequence>
			<Action Type="Run">
				<RunWhat>SpecificProcecure</RunWhat>
				<Procedure>MainExecution</Procedure>
				<AbortOnError>true</AbortOnError>
			</Action>
		</ActionSequence>
	</PageObject>
	<PageObject Type="Text">
		<Location top="42" left="246" bottom="90" right="792" />
		<StaticText>Iron Zone optimization model</StaticText>
		<Alignment>Center</Alignment>
		<Font GUID="2DAC9622-117B-44C5-B858-5F5723D7A784" Name="cam14" />
		<TextColor RGB="#18479f" />
	</PageObject>
	<PageObject Type="Text">
		<Location top="144" left="258" bottom="192" right="804" />
		<StaticText>Optimization Engine</StaticText>
		<Alignment>Center</Alignment>
		<Font GUID="A6D7D77D-701C-4A37-BA78-70C3F0497885" Name="headerizom" />
		<TextColor RGB="#000080" />
	</PageObject>
	<UsedReferences>
		<Model>
			<Symbol>MainExecution</Symbol>
		</Model>
	</UsedReferences>
</Page>
