<?xml version="1.0"?>
<Page Version="4000" TimeStamp="2019-07-25 10:42:35" NeedsCompiledModel="false">
	<PageEditSize Type="Inherited" />
	<ProjectUUID>42753576-7FA5-47B2-98F5-5D57B482A1FC</ProjectUUID>
	<TemplatesTabOrderPosition>1</TemplatesTabOrderPosition>
	<Background Inherited="true" />
	<PageObject Type="Tabbed Page Object">
		<Location top="6" left="6" bottom="546" right="1086" />
		<TabOrder>1</TabOrder>
		<PrintingOccurrence>Never</PrintingOccurrence>
		<Font GUID="DEF43F2C-4C96-4193-A797-AD2C3760CE90" Name="Arial10bi" />
		<ParentPage PageGUID="B05B6830-84A5-4CFA-9211-06FD57A2177E" Name="Output" />
		<MultipleTabRows>true</MultipleTabRows>
		<SelectedPageSymbol>SelectedPageOutput</SelectedPageSymbol>
	</PageObject>
	<UsedReferences>
		<Model />
	</UsedReferences>
</Page>
