<?xml version="1.0"?>
<Page Version="4000" TimeStamp="2020-03-21 17:36:45">
	<PageEditSize Type="Inherited" />
	<ProjectUUID>F686E807-0E49-419F-97D6-5D78B49FEADF</ProjectUUID>
	<TemplatesTabOrderPosition>1</TemplatesTabOrderPosition>
	<Background RGB="#ffffff" />
	<PageObject Type="Text">
		<Location top="60" left="30" bottom="90" right="840" />
		<StaticText>Pellet Plant Summary</StaticText>
		<Alignment>Center</Alignment>
		<Font GUID="2DAC9622-117B-44C5-B858-5F5723D7A784" Name="cam14" />
		<TextColor RGB="#18479f" />
	</PageObject>
	<PageObject Type="Picture">
		<Location top="0" left="0" bottom="78" right="276" />
		<FileName LiteralFileName="true">"MainProject\logo.png"</FileName>
		<Display>StretchOrShrink</Display>
		<Center>true</Center>
	</PageObject>
	<PageObject Type="Text">
		<Location top="24" left="186" bottom="66" right="840" />
		<StaticText>Iron Zone optimization model</StaticText>
		<Alignment>Center</Alignment>
		<Font GUID="2DAC9622-117B-44C5-B858-5F5723D7A784" Name="cam14" />
		<TextColor RGB="#18479f" />
	</PageObject>
	<PageObject Type="Table">
		<MultipleCases>true</MultipleCases>
		<Location top="210" left="12" bottom="294" right="840" />
		<TabOrder>7</TabOrder>
		<Font GUID="A6D7D77D-701C-4A37-BA78-70C3F0497885" Name="headerizom" />
		<Border Style="None" Width="1" MarginTop="1" MarginRight="1" MarginBottom="1" MarginLeft="1" />
		<BackgroundColor RGB="#d8e4f9" />
		<RowIndentation>3</RowIndentation>
		<ExplicitIdentifier>
			<Identifier>Output_pellet_cost( pt )</Identifier>
			<FirstColumn>1</FirstColumn>
			<HeaderText>"Pellet Cost (Rs / T Pellet)    "</HeaderText>
			<NumberFormat Width="5" Decimals="0" ThousandSeparator="true" Alignment="Left" />
		</ExplicitIdentifier>
	</PageObject>
	<PageObject Type="Table">
		<MultipleCases>true</MultipleCases>
		<Location top="114" left="12" bottom="210" right="840" />
		<TabOrder>6</TabOrder>
		<Font GUID="A6D7D77D-701C-4A37-BA78-70C3F0497885" Name="headerizom" />
		<Border Style="None" Width="1" MarginTop="1" MarginRight="1" MarginBottom="1" MarginLeft="1" />
		<BackgroundColor RGB="#12387c" />
		<TextColor RGB="#ffffff" />
		<RowIndentation>3</RowIndentation>
		<ExplicitIdentifier>
			<Identifier>output_pellet_production( pt )</Identifier>
			<FirstColumn>1</FirstColumn>
			<HeaderText>"Production (T/Day)  "</HeaderText>
			<NumberFormat Width="5" Decimals="0" ThousandSeparator="true" Alignment="Left" />
		</ExplicitIdentifier>
	</PageObject>
	<PageObject Type="Pivot Table">
		<Location top="336" left="12" bottom="540" right="876" />
		<TabOrder>1</TabOrder>
		<ObjectUUID>E9937FDB-CD80-400B-9A64-890764D84135</ObjectUUID>
		<Font GUID="00000000-0000-0000-0000-000000000001" Name="Main Font" />
		<Border Style="None" Width="2" MarginTop="1" MarginRight="1" MarginBottom="1" MarginLeft="1" />
		<Contents>
			<Explicit_Identifier>
				<Identifier ID="4110">Output_pellet_ore_ratio( pt, os )</Identifier>
				<Title ID="4120">"Ratio(%)"</Title>
				<Format>
					<Decimal_Places ID="4312">2</Decimal_Places>
					<Show_1000_seperator ID="4313">"Yes"</Show_1000_seperator>
					<Alignment ID="4330">"Center"</Alignment>
				</Format>
				<Colors>
					<Text_Color ID="4165">RGB 9f4718</Text_Color>
					<Use_Colors_for_Updatable_Entries_Only ID="4166">0</Use_Colors_for_Updatable_Entries_Only>
				</Colors>
			</Explicit_Identifier>
		</Contents>
		<Indices>
			<Explicit_Index>
				<Index ID="6510">os</Index>
				<Header_Title ID="6530">"Iron Ore Source"</Header_Title>
				<Colors>
					<Text_Color ID="6540">RGB 000000</Text_Color>
				</Colors>
			</Explicit_Index>
			<Explicit_Index>
				<Index ID="6510">pt</Index>
				<Header_Title ID="6530">"Pellet Type"</Header_Title>
			</Explicit_Index>
			<Identifier_Index>
				<Header_Title ID="6230">""</Header_Title>
				<Colors>
					<Background_Color ID="6242">RGB 9f4718</Background_Color>
					<Text_Color ID="6240">RGB ffffff</Text_Color>
				</Colors>
				<Header_Width ID="6257">pt11</Header_Width>
				<Hide_if_Single_Identifier ID="6270">"No"</Hide_if_Single_Identifier>
			</Identifier_Index>
		</Indices>
		<General>
			<Background_Color ID="1010">RGB&lt;255,255,255&gt;</Background_Color>
			<Font ExtraInfo="78D3D4D2-D2BC-4C37-8F28-00D6E0720349" ID="1030">"cam"</Font>
			<Multiple_Case_View ID="1020">"Yes"</Multiple_Case_View>
			<Dense_Aggregation_restricts_to_Domain ID="1022">"Yes"</Dense_Aggregation_restricts_to_Domain>
			<User_Modifications>
				<Reload_Layout_State ID="1241">"Not Allowed"</Reload_Layout_State>
			</User_Modifications>
			<Save_Layout_State>
				<Store_Entire_Tree_Layout ID="1110">1</Store_Entire_Tree_Layout>
			</Save_Layout_State>
		</General>
		<Row_Area>
			<Text_Color ID="2020">RGB&lt;24,71,159&gt;</Text_Color>
			<Headers>
				<Background_Color ID="2120">RGB&lt;0,0,128&gt;</Background_Color>
				<Text_Color ID="2130">RGB&lt;255,255,255&gt;</Text_Color>
				<Show_Sub_Headers ID="2150">"No"</Show_Sub_Headers>
			</Headers>
			<Grid_Focus_Indicator>
				<Background_Color ID="2270">RGB&lt;0,0,168&gt;</Background_Color>
				<Text_Color ID="2280">RGB&lt;255,255,200&gt;</Text_Color>
			</Grid_Focus_Indicator>
		</Row_Area>
		<Column_Area>
			<Headers>
				<Show_Sub_Headers ID="3150">"No"</Show_Sub_Headers>
			</Headers>
		</Column_Area>
		<Outer_Area>
			<Same_as_Row_Area ID="3505">"No"</Same_as_Row_Area>
			<Background_Color ID="3510">RGB&lt;0,0,128&gt;</Background_Color>
			<Text_Color ID="3520">RGB&lt;255,255,255&gt;</Text_Color>
		</Outer_Area>
		<Grid_Area>
			<Selection>
				<Background_Color ID="5120">RGB&lt;24,71,159&gt;</Background_Color>
			</Selection>
			<Aggregators>
				<Background_Color ID="5220">RGB&lt;255,128,128&gt;</Background_Color>
			</Aggregators>
			<Sub_Header_Row_or_Column>
				<Background_Color ID="5320">RGB&lt;255,255,200&gt;</Background_Color>
			</Sub_Header_Row_or_Column>
		</Grid_Area>
	</PageObject>
	<PageObject Type="Pivot Table">
		<Location top="1392" left="30" bottom="1620" right="918" />
		<TabOrder>5</TabOrder>
		<ObjectUUID>393D340C-D1F1-4550-9FF9-484F353ADA17</ObjectUUID>
		<Font GUID="00000000-0000-0000-0000-000000000001" Name="Main Font" />
		<Border Style="None" Width="2" MarginTop="1" MarginRight="1" MarginBottom="1" MarginLeft="1" />
		<Contents>
			<Explicit_Identifier>
				<Identifier ID="4110">Output_pellet_ore_quantity( pt, os )</Identifier>
				<Title ID="4120">"Kg/T Pellet"</Title>
				<Format>
					<Decimal_Places ID="4312">1</Decimal_Places>
					<Show_1000_seperator ID="4313">"Yes"</Show_1000_seperator>
					<Alignment ID="4330">"Center"</Alignment>
				</Format>
				<Colors>
					<Text_Color ID="4165">RGB 9f4718</Text_Color>
					<Use_Colors_for_Updatable_Entries_Only ID="4166">0</Use_Colors_for_Updatable_Entries_Only>
				</Colors>
			</Explicit_Identifier>
		</Contents>
		<Indices>
			<Explicit_Index>
				<Index ID="6510">os</Index>
				<Header_Title ID="6530">"Iron Ore Source"</Header_Title>
				<Colors>
					<Text_Color ID="6540">RGB 000000</Text_Color>
				</Colors>
			</Explicit_Index>
			<Explicit_Index>
				<Index ID="6510">pt</Index>
				<Header_Title ID="6530">"Pellet Type"</Header_Title>
			</Explicit_Index>
			<Identifier_Index>
				<Header_Title ID="6230">""</Header_Title>
				<Colors>
					<Background_Color ID="6242">RGB 9f4718</Background_Color>
					<Text_Color ID="6240">RGB ffffff</Text_Color>
				</Colors>
				<Header_Width ID="6257">pt15</Header_Width>
				<Hide_if_Single_Identifier ID="6270">"No"</Hide_if_Single_Identifier>
			</Identifier_Index>
		</Indices>
		<General>
			<Background_Color ID="1010">RGB&lt;255,255,255&gt;</Background_Color>
			<Font ExtraInfo="78D3D4D2-D2BC-4C37-8F28-00D6E0720349" ID="1030">"cam"</Font>
			<Multiple_Case_View ID="1020">"Yes"</Multiple_Case_View>
			<Dense_Aggregation_restricts_to_Domain ID="1022">"Yes"</Dense_Aggregation_restricts_to_Domain>
			<User_Modifications>
				<Reload_Layout_State ID="1241">"Not Allowed"</Reload_Layout_State>
			</User_Modifications>
			<Save_Layout_State>
				<Store_Entire_Tree_Layout ID="1110">1</Store_Entire_Tree_Layout>
			</Save_Layout_State>
		</General>
		<Row_Area>
			<Text_Color ID="2020">RGB&lt;24,71,159&gt;</Text_Color>
			<Headers>
				<Background_Color ID="2120">RGB&lt;0,0,128&gt;</Background_Color>
				<Text_Color ID="2130">RGB&lt;255,255,255&gt;</Text_Color>
				<Show_Sub_Headers ID="2150">"No"</Show_Sub_Headers>
			</Headers>
			<Grid_Focus_Indicator>
				<Background_Color ID="2270">RGB&lt;0,0,168&gt;</Background_Color>
				<Text_Color ID="2280">RGB&lt;255,255,200&gt;</Text_Color>
			</Grid_Focus_Indicator>
		</Row_Area>
		<Column_Area>
			<Headers>
				<Show_Sub_Headers ID="3150">"No"</Show_Sub_Headers>
			</Headers>
		</Column_Area>
		<Outer_Area>
			<Same_as_Row_Area ID="3505">"No"</Same_as_Row_Area>
			<Background_Color ID="3510">RGB&lt;0,0,128&gt;</Background_Color>
			<Text_Color ID="3520">RGB&lt;255,255,255&gt;</Text_Color>
		</Outer_Area>
		<Grid_Area>
			<Selection>
				<Background_Color ID="5120">RGB&lt;24,71,159&gt;</Background_Color>
			</Selection>
			<Aggregators>
				<Background_Color ID="5220">RGB&lt;255,128,128&gt;</Background_Color>
			</Aggregators>
			<Sub_Header_Row_or_Column>
				<Background_Color ID="5320">RGB&lt;255,255,200&gt;</Background_Color>
			</Sub_Header_Row_or_Column>
		</Grid_Area>
	</PageObject>
	<PageObject Type="Pivot Table">
		<Location top="924" left="24" bottom="1176" right="906" />
		<TabOrder>2</TabOrder>
		<ObjectUUID>E6EE201C-BB65-4B03-840C-7A881616558A</ObjectUUID>
		<Font GUID="00000000-0000-0000-0000-000000000001" Name="Main Font" />
		<Border Style="None" Width="2" MarginTop="1" MarginRight="1" MarginBottom="1" MarginLeft="1" />
		<Contents>
			<Explicit_Identifier>
				<Identifier ID="4110">Output_pellet_Fluxes( pt, fs )</Identifier>
				<Title ID="4120">"Kg/T Pellet"</Title>
				<Format>
					<Decimal_Places ID="4312">2</Decimal_Places>
					<Show_1000_seperator ID="4313">"Yes"</Show_1000_seperator>
					<Alignment ID="4330">"Center"</Alignment>
				</Format>
				<Colors>
					<Text_Color ID="4165">RGB 9f4718</Text_Color>
					<Use_Colors_for_Updatable_Entries_Only ID="4166">0</Use_Colors_for_Updatable_Entries_Only>
				</Colors>
			</Explicit_Identifier>
		</Contents>
		<Indices>
			<Explicit_Index>
				<Index ID="6510">fs</Index>
				<Header_Title ID="6530">"Fluxes"</Header_Title>
				<Colors>
					<Text_Color ID="6540">RGB 000000</Text_Color>
				</Colors>
			</Explicit_Index>
			<Explicit_Index>
				<Index ID="6510">pt</Index>
				<Header_Title ID="6530">"Pellet Type"</Header_Title>
			</Explicit_Index>
			<Identifier_Index>
				<Header_Title ID="6230">""</Header_Title>
				<Colors>
					<Background_Color ID="6242">RGB 9f4718</Background_Color>
					<Text_Color ID="6240">RGB ffffff</Text_Color>
				</Colors>
				<Header_Width ID="6257">pt13</Header_Width>
				<Hide_if_Single_Identifier ID="6270">"No"</Hide_if_Single_Identifier>
			</Identifier_Index>
		</Indices>
		<General>
			<Background_Color ID="1010">RGB&lt;255,255,255&gt;</Background_Color>
			<Font ExtraInfo="78D3D4D2-D2BC-4C37-8F28-00D6E0720349" ID="1030">"cam"</Font>
			<Multiple_Case_View ID="1020">"Yes"</Multiple_Case_View>
			<Dense_Aggregation_restricts_to_Domain ID="1022">"Yes"</Dense_Aggregation_restricts_to_Domain>
			<User_Modifications>
				<Reload_Layout_State ID="1241">"Not Allowed"</Reload_Layout_State>
			</User_Modifications>
			<Save_Layout_State>
				<Store_Entire_Tree_Layout ID="1110">1</Store_Entire_Tree_Layout>
			</Save_Layout_State>
		</General>
		<Row_Area>
			<Text_Color ID="2020">RGB&lt;24,71,159&gt;</Text_Color>
			<Headers>
				<Background_Color ID="2120">RGB&lt;0,0,128&gt;</Background_Color>
				<Text_Color ID="2130">RGB&lt;255,255,255&gt;</Text_Color>
				<Show_Sub_Headers ID="2150">"No"</Show_Sub_Headers>
			</Headers>
			<Grid_Focus_Indicator>
				<Background_Color ID="2270">RGB&lt;0,0,168&gt;</Background_Color>
				<Text_Color ID="2280">RGB&lt;255,255,200&gt;</Text_Color>
			</Grid_Focus_Indicator>
		</Row_Area>
		<Column_Area>
			<Headers>
				<Show_Sub_Headers ID="3150">"No"</Show_Sub_Headers>
			</Headers>
		</Column_Area>
		<Outer_Area>
			<Same_as_Row_Area ID="3505">"No"</Same_as_Row_Area>
			<Background_Color ID="3510">RGB&lt;0,0,128&gt;</Background_Color>
			<Text_Color ID="3520">RGB&lt;255,255,255&gt;</Text_Color>
		</Outer_Area>
		<Grid_Area>
			<Selection>
				<Background_Color ID="5120">RGB&lt;24,71,159&gt;</Background_Color>
			</Selection>
			<Aggregators>
				<Background_Color ID="5220">RGB&lt;255,128,128&gt;</Background_Color>
			</Aggregators>
			<Sub_Header_Row_or_Column>
				<Background_Color ID="5320">RGB&lt;255,255,200&gt;</Background_Color>
			</Sub_Header_Row_or_Column>
		</Grid_Area>
	</PageObject>
	<PageObject Type="Pivot Table">
		<Location top="1212" left="18" bottom="1350" right="912" />
		<TabOrder>4</TabOrder>
		<ObjectUUID>464852C1-E936-4535-BFF0-A7873A72269A</ObjectUUID>
		<Font GUID="00000000-0000-0000-0000-000000000001" Name="Main Font" />
		<Border Style="None" Width="2" MarginTop="1" MarginRight="1" MarginBottom="1" MarginLeft="1" />
		<Contents>
			<Explicit_Identifier>
				<Identifier ID="4110">Output_pellet_TI( pt )</Identifier>
				<Title ID="4120">"Pellet TI          "</Title>
				<Format>
					<Decimal_Places ID="4312">2</Decimal_Places>
					<Show_1000_seperator ID="4313">"Yes"</Show_1000_seperator>
					<Alignment ID="4330">"Center"</Alignment>
				</Format>
				<Colors>
					<Text_Color ID="4165">RGB 9f4718</Text_Color>
					<Use_Colors_for_Updatable_Entries_Only ID="4166">0</Use_Colors_for_Updatable_Entries_Only>
				</Colors>
			</Explicit_Identifier>
			<Explicit_Identifier>
				<Identifier ID="4110">Output_pellet_CCS( pt )</Identifier>
				<Title ID="4120">"Pellet CCS     "</Title>
				<Format>
					<Decimal_Places ID="4312">2</Decimal_Places>
					<Alignment ID="4330">"Center"</Alignment>
				</Format>
				<Colors>
					<Text_Color ID="4165">RGB 9f4718</Text_Color>
				</Colors>
			</Explicit_Identifier>
			<Explicit_Identifier>
				<Identifier ID="4110">Output_pellet_AI( pt )</Identifier>
				<Title ID="4120">"Pellet AI     "</Title>
				<Format>
					<Decimal_Places ID="4312">2</Decimal_Places>
					<Alignment ID="4330">"Center"</Alignment>
				</Format>
				<Colors>
					<Text_Color ID="4165">RGB 9f4718</Text_Color>
				</Colors>
			</Explicit_Identifier>
		</Contents>
		<Indices>
			<Explicit_Index>
				<Index ID="6510">pt</Index>
				<Header_Title ID="6530">"Pellet Type"</Header_Title>
				<Colors>
					<Background_Color ID="6542">RGB 9f4718</Background_Color>
					<Text_Color ID="6540">RGB ffffff</Text_Color>
				</Colors>
			</Explicit_Index>
			<Identifier_Index>
				<Header_Title ID="6230">""</Header_Title>
				<Colors>
					<Text_Color ID="6240">RGB 000000</Text_Color>
				</Colors>
				<Header_Width ID="6257">pt14</Header_Width>
				<Hide_if_Single_Identifier ID="6270">"No"</Hide_if_Single_Identifier>
			</Identifier_Index>
		</Indices>
		<General>
			<Background_Color ID="1010">RGB&lt;255,255,255&gt;</Background_Color>
			<Font ExtraInfo="78D3D4D2-D2BC-4C37-8F28-00D6E0720349" ID="1030">"cam"</Font>
			<Multiple_Case_View ID="1020">"Yes"</Multiple_Case_View>
			<Dense_Aggregation_restricts_to_Domain ID="1022">"Yes"</Dense_Aggregation_restricts_to_Domain>
			<User_Modifications>
				<Reload_Layout_State ID="1241">"Not Allowed"</Reload_Layout_State>
			</User_Modifications>
			<Save_Layout_State>
				<Store_Entire_Tree_Layout ID="1110">1</Store_Entire_Tree_Layout>
			</Save_Layout_State>
		</General>
		<Row_Area>
			<Headers>
				<Background_Color ID="2120">RGB&lt;0,0,128&gt;</Background_Color>
				<Text_Color ID="2130">RGB&lt;255,255,255&gt;</Text_Color>
				<Show_Sub_Headers ID="2150">"No"</Show_Sub_Headers>
			</Headers>
			<Grid_Focus_Indicator>
				<Background_Color ID="2270">RGB&lt;0,0,168&gt;</Background_Color>
				<Text_Color ID="2280">RGB&lt;255,255,200&gt;</Text_Color>
			</Grid_Focus_Indicator>
		</Row_Area>
		<Column_Area>
			<Headers>
				<Show_Sub_Headers ID="3150">"No"</Show_Sub_Headers>
			</Headers>
		</Column_Area>
		<Outer_Area>
			<Same_as_Row_Area ID="3505">"No"</Same_as_Row_Area>
			<Text_Color ID="3520">RGB&lt;255,255,255&gt;</Text_Color>
		</Outer_Area>
		<Grid_Area>
			<Selection>
				<Background_Color ID="5120">RGB&lt;24,71,159&gt;</Background_Color>
			</Selection>
			<Aggregators>
				<Background_Color ID="5220">RGB&lt;255,128,128&gt;</Background_Color>
			</Aggregators>
			<Sub_Header_Row_or_Column>
				<Background_Color ID="5320">RGB&lt;255,255,200&gt;</Background_Color>
			</Sub_Header_Row_or_Column>
		</Grid_Area>
	</PageObject>
	<PageObject Type="Text">
		<Location top="312" left="18" bottom="342" right="840" />
		<StaticText>Pellet Iron Ore Ratio</StaticText>
		<Alignment>Center</Alignment>
		<Font GUID="78D3D4D2-D2BC-4C37-8F28-00D6E0720349" Name="cam" />
		<TextColor RGB="#18479f" />
	</PageObject>
	<PageObject Type="Text">
		<Location top="552" left="6" bottom="582" right="858" />
		<StaticText>Pellet Chemical Properties</StaticText>
		<Alignment>Center</Alignment>
		<Font GUID="78D3D4D2-D2BC-4C37-8F28-00D6E0720349" Name="cam" />
		<TextColor RGB="#18479f" />
	</PageObject>
	<PageObject Type="Text">
		<Location top="906" left="30" bottom="936" right="858" />
		<StaticText>Pellet Flux Quantity</StaticText>
		<Alignment>Center</Alignment>
		<Font GUID="78D3D4D2-D2BC-4C37-8F28-00D6E0720349" Name="cam" />
		<TextColor RGB="#18479f" />
	</PageObject>
	<PageObject Type="Text">
		<Location top="1194" left="30" bottom="1218" right="858" />
		<StaticText>Pellet Physical Properties</StaticText>
		<Alignment>Center</Alignment>
		<Font GUID="78D3D4D2-D2BC-4C37-8F28-00D6E0720349" Name="cam" />
		<TextColor RGB="#18479f" />
	</PageObject>
	<PageObject Type="Text">
		<Location top="1368" left="24" bottom="1410" right="906" />
		<StaticText>Pellet Iron Ore Quantity</StaticText>
		<Alignment>Center</Alignment>
		<Font GUID="78D3D4D2-D2BC-4C37-8F28-00D6E0720349" Name="cam" />
		<TextColor RGB="#18479f" />
	</PageObject>
	<PageObject Type="Pivot Table">
		<Location top="576" left="24" bottom="906" right="900" />
		<TabOrder>3</TabOrder>
		<ObjectUUID>8A71C6A1-D0B9-4040-9FB7-BC5FE4D137FA</ObjectUUID>
		<Font GUID="00000000-0000-0000-0000-000000000001" Name="Main Font" />
		<Border Style="None" Width="2" MarginTop="1" MarginRight="1" MarginBottom="1" MarginLeft="1" />
		<Contents>
			<Explicit_Identifier>
				<Identifier ID="4110">Output_pellet_specs( pt, op1 )</Identifier>
				<Title ID="4120">"%"</Title>
				<Format>
					<Decimal_Places ID="4312">2</Decimal_Places>
					<Show_1000_seperator ID="4313">"Yes"</Show_1000_seperator>
					<Alignment ID="4330">"Center"</Alignment>
				</Format>
				<Colors>
					<Text_Color ID="4165">RGB 9f4718</Text_Color>
					<Use_Colors_for_Updatable_Entries_Only ID="4166">0</Use_Colors_for_Updatable_Entries_Only>
				</Colors>
			</Explicit_Identifier>
		</Contents>
		<Indices>
			<Explicit_Index>
				<Index ID="6510">op1</Index>
				<Header_Title ID="6530">"Properties"</Header_Title>
				<Colors>
					<Text_Color ID="6540">RGB 000000</Text_Color>
				</Colors>
			</Explicit_Index>
			<Explicit_Index>
				<Index ID="6510">pt</Index>
				<Header_Title ID="6530">"Pellet Type"</Header_Title>
				<Colors>
					<Background_Color ID="6542">RGB 9f4718</Background_Color>
					<Text_Color ID="6540">RGB ffffff</Text_Color>
				</Colors>
			</Explicit_Index>
			<Identifier_Index>
				<Header_Title ID="6230">""</Header_Title>
				<Colors>
					<Background_Color ID="6242">RGB 9f4718</Background_Color>
					<Text_Color ID="6240">RGB ffffff</Text_Color>
				</Colors>
				<Header_Width ID="6257">pt12</Header_Width>
				<Hide_if_Single_Identifier ID="6270">"No"</Hide_if_Single_Identifier>
			</Identifier_Index>
		</Indices>
		<General>
			<Background_Color ID="1010">RGB&lt;255,255,255&gt;</Background_Color>
			<Font ExtraInfo="78D3D4D2-D2BC-4C37-8F28-00D6E0720349" ID="1030">"cam"</Font>
			<Multiple_Case_View ID="1020">"Yes"</Multiple_Case_View>
			<Dense_Aggregation_restricts_to_Domain ID="1022">"Yes"</Dense_Aggregation_restricts_to_Domain>
			<User_Modifications>
				<Reload_Layout_State ID="1241">"Not Allowed"</Reload_Layout_State>
			</User_Modifications>
			<Save_Layout_State>
				<Store_Entire_Tree_Layout ID="1110">1</Store_Entire_Tree_Layout>
			</Save_Layout_State>
		</General>
		<Row_Area>
			<Text_Color ID="2020">RGB&lt;24,71,159&gt;</Text_Color>
			<Headers>
				<Background_Color ID="2120">RGB&lt;0,0,128&gt;</Background_Color>
				<Text_Color ID="2130">RGB&lt;255,255,255&gt;</Text_Color>
				<Show_Sub_Headers ID="2150">"No"</Show_Sub_Headers>
			</Headers>
			<Grid_Focus_Indicator>
				<Background_Color ID="2270">RGB&lt;0,0,168&gt;</Background_Color>
				<Text_Color ID="2280">RGB&lt;255,255,200&gt;</Text_Color>
			</Grid_Focus_Indicator>
		</Row_Area>
		<Column_Area>
			<Headers>
				<Show_Sub_Headers ID="3150">"No"</Show_Sub_Headers>
			</Headers>
		</Column_Area>
		<Outer_Area>
			<Same_as_Row_Area ID="3505">"No"</Same_as_Row_Area>
			<Background_Color ID="3510">RGB&lt;0,0,128&gt;</Background_Color>
			<Text_Color ID="3520">RGB&lt;255,255,255&gt;</Text_Color>
		</Outer_Area>
		<Grid_Area>
			<Selection>
				<Background_Color ID="5120">RGB&lt;24,71,159&gt;</Background_Color>
			</Selection>
			<Aggregators>
				<Background_Color ID="5220">RGB&lt;255,128,128&gt;</Background_Color>
			</Aggregators>
			<Sub_Header_Row_or_Column>
				<Background_Color ID="5320">RGB&lt;255,255,200&gt;</Background_Color>
			</Sub_Header_Row_or_Column>
		</Grid_Area>
	</PageObject>
	<UsedReferences>
		<Model>
			<Symbol>output_pellet_production</Symbol>
			<Symbol>Output_pellet_ore_ratio</Symbol>
			<Symbol>Output_pellet_cost</Symbol>
			<Symbol>Output_pellet_Fluxes</Symbol>
			<Symbol>Output_pellet_specs</Symbol>
			<Symbol>Output_pellet_ore_quantity</Symbol>
			<Symbol>Output_pellet_TI</Symbol>
			<Symbol>Output_pellet_AI</Symbol>
			<Symbol>Output_pellet_CCS</Symbol>
			<Symbol>os</Symbol>
			<Symbol>op1</Symbol>
			<Symbol>fs</Symbol>
			<Symbol>pt</Symbol>
			<Symbol>pt11</Symbol>
			<Symbol>pt12</Symbol>
			<Symbol>pt13</Symbol>
			<Symbol>pt14</Symbol>
			<Symbol>pt15</Symbol>
		</Model>
	</UsedReferences>
</Page>
