<?xml version="1.0"?>
<Page Version="4000" TimeStamp="2022-04-19 11:27:57">
	<PageEditSize Type="Inherited" />
	<ProjectUUID>F686E807-0E49-419F-97D6-5D78B49FEADF</ProjectUUID>
	<TemplatesTabOrderPosition>1</TemplatesTabOrderPosition>
	<Background RGB="#ffffff" />
	<PageObject Type="Picture">
		<Location top="0" left="0" bottom="78" right="276" />
		<FileName LiteralFileName="true">"MainProject\logo.png"</FileName>
		<Display>StretchOrShrink</Display>
		<Center>true</Center>
	</PageObject>
	<PageObject Type="Text">
		<Location top="24" left="282" bottom="66" right="936" />
		<StaticText>Iron Zone Optimization - Pellet Plant Deep Dive</StaticText>
		<Alignment>Center</Alignment>
		<Font GUID="2DAC9622-117B-44C5-B858-5F5723D7A784" Name="cam14" />
		<TextColor RGB="#18479f" />
	</PageObject>
	<PageObject Type="Table">
		<Location top="132" left="234" bottom="162" right="330" />
		<TabOrder>10</TabOrder>
		<Font GUID="A6D7D77D-701C-4A37-BA78-70C3F0497885" Name="headerizom" />
		<Border Style="None" Width="2" />
		<MaxColWidth>20</MaxColWidth>
		<BackgroundColor RGB="#d8e4f9" />
		<RowIndentation>3</RowIndentation>
		<ExplicitIdentifier>
			<Identifier>Output_pellet_cost( 'SIP Pellet', 'pp1' )</Identifier>
			<FirstColumn>2</FirstColumn>
			<HeaderText>""</HeaderText>
			<NumberFormat Width="7" Decimals="0" ThousandSeparator="true" Alignment="Center" />
		</ExplicitIdentifier>
	</PageObject>
	<PageObject Type="Table">
		<Location top="162" left="234" bottom="192" right="330" />
		<TabOrder>9</TabOrder>
		<Font GUID="A6D7D77D-701C-4A37-BA78-70C3F0497885" Name="headerizom" />
		<Border Style="None" Width="2" />
		<MaxColWidth>20</MaxColWidth>
		<BackgroundColor RGB="#12387c" />
		<TextColor RGB="#ffffff" />
		<RowIndentation>3</RowIndentation>
		<ExplicitIdentifier>
			<Identifier>Output_pellet_cost( 'BF Pellet', 'pp2' )</Identifier>
			<FirstColumn>2</FirstColumn>
			<HeaderText>""</HeaderText>
			<NumberFormat Width="7" Decimals="0" ThousandSeparator="true" Alignment="Center" />
		</ExplicitIdentifier>
	</PageObject>
	<PageObject Type="Table">
		<Location top="132" left="48" bottom="162" right="252" />
		<TabOrder>12</TabOrder>
		<Font GUID="A6D7D77D-701C-4A37-BA78-70C3F0497885" Name="headerizom" />
		<Border Style="None" Width="2" />
		<MaxColWidth>20</MaxColWidth>
		<BackgroundColor RGB="#d8e4f9" />
		<RowIndentation>3</RowIndentation>
		<ExplicitIdentifier>
			<Identifier>output_pellet_production_2( 'SIP Pellet', 'pp1' )</Identifier>
			<FirstColumn>2</FirstColumn>
			<HeaderText>"Pellet Plant 1     "</HeaderText>
			<NumberFormat Width="6" Decimals="0" ThousandSeparator="true" Alignment="Center" />
		</ExplicitIdentifier>
	</PageObject>
	<PageObject Type="Table">
		<Location top="162" left="48" bottom="192" right="252" />
		<TabOrder>4</TabOrder>
		<Font GUID="A6D7D77D-701C-4A37-BA78-70C3F0497885" Name="headerizom" />
		<Border Style="None" Width="2" />
		<MaxColWidth>20</MaxColWidth>
		<BackgroundColor RGB="#12387c" />
		<TextColor RGB="#ffffff" />
		<RowIndentation>3</RowIndentation>
		<ExplicitIdentifier>
			<Identifier>output_pellet_production_2( 'BF Pellet', 'pp2' )</Identifier>
			<FirstColumn>2</FirstColumn>
			<HeaderText>"Pellet Plant 2     "</HeaderText>
			<NumberFormat Width="6" Decimals="0" ThousandSeparator="true" Alignment="Center" />
		</ExplicitIdentifier>
	</PageObject>
	<PageObject Type="Text">
		<Location top="84" left="168" bottom="138" right="258" />
		<StaticText>Production
(TPD)</StaticText>
		<Alignment>Center</Alignment>
		<Font GUID="A538D381-62BA-427B-81ED-173DE9184DE2" Name="cam10" />
		<TextColor RGB="#18479f" />
	</PageObject>
	<PageObject Type="Text">
		<Location top="84" left="252" bottom="126" right="330" />
		<StaticText>Cost
(Rs/T)</StaticText>
		<Alignment>Center</Alignment>
		<Font GUID="A538D381-62BA-427B-81ED-173DE9184DE2" Name="cam10" />
		<TextColor RGB="#18479f" />
	</PageObject>
	<PageObject Type="Pivot Table">
		<Location top="294" left="48" bottom="498" right="450" />
		<TabOrder>5</TabOrder>
		<ObjectUUID>852DDD78-A475-4F68-8543-B0072485C33A</ObjectUUID>
		<Font GUID="00000000-0000-0000-0000-000000000001" Name="Main Font" />
		<Border Style="None" Width="2" MarginTop="1" MarginRight="1" MarginBottom="1" MarginLeft="1" />
		<Contents>
			<Explicit_Identifier>
				<Identifier ID="4110">Copy_Output_pellet_ore_quantity_2( os, pellet_s )</Identifier>
				<Title ID="4120">"Kg/T Pellet"</Title>
				<Format>
					<Decimal_Places ID="4312">2</Decimal_Places>
					<Show_1000_seperator ID="4313">"Yes"</Show_1000_seperator>
					<Alignment ID="4330">"Center"</Alignment>
				</Format>
				<Colors>
					<Text_Color ID="4165">RGB 9f4718</Text_Color>
					<Use_Colors_for_Updatable_Entries_Only ID="4166">0</Use_Colors_for_Updatable_Entries_Only>
				</Colors>
			</Explicit_Identifier>
		</Contents>
		<Indices>
			<Explicit_Index>
				<Index ID="6510">os</Index>
				<Header_Title ID="6530">"Iron Ore Source"</Header_Title>
				<Colors>
					<Text_Color ID="6540">RGB 000000</Text_Color>
				</Colors>
			</Explicit_Index>
			<Identifier_Index>
				<Header_Title ID="6230">""</Header_Title>
				<Colors>
					<Background_Color ID="6242">RGB 9f4718</Background_Color>
					<Text_Color ID="6240">RGB ffffff</Text_Color>
				</Colors>
				<Column_Width ID="6255">st2</Column_Width>
				<Hide_if_Single_Identifier ID="6270">"No"</Hide_if_Single_Identifier>
			</Identifier_Index>
		</Indices>
		<General>
			<Background_Color ID="1010">RGB&lt;255,255,255&gt;</Background_Color>
			<Font ExtraInfo="78D3D4D2-D2BC-4C37-8F28-00D6E0720349" ID="1030">"cam"</Font>
			<Dense_Aggregation_restricts_to_Domain ID="1022">"Yes"</Dense_Aggregation_restricts_to_Domain>
			<User_Modifications>
				<Reload_Layout_State ID="1241">"Not Allowed"</Reload_Layout_State>
			</User_Modifications>
			<Save_Layout_State>
				<Store_Entire_Tree_Layout ID="1110">1</Store_Entire_Tree_Layout>
			</Save_Layout_State>
		</General>
		<Row_Area>
			<Text_Color ID="2020">RGB&lt;24,71,159&gt;</Text_Color>
			<Headers>
				<Background_Color ID="2120">RGB&lt;0,0,128&gt;</Background_Color>
				<Text_Color ID="2130">RGB&lt;255,255,255&gt;</Text_Color>
				<Show_Sub_Headers ID="2150">"No"</Show_Sub_Headers>
			</Headers>
			<Grid_Focus_Indicator>
				<Background_Color ID="2270">RGB&lt;0,0,168&gt;</Background_Color>
				<Text_Color ID="2280">RGB&lt;255,255,200&gt;</Text_Color>
			</Grid_Focus_Indicator>
		</Row_Area>
		<Column_Area>
			<Headers>
				<Show_Sub_Headers ID="3150">"No"</Show_Sub_Headers>
			</Headers>
		</Column_Area>
		<Outer_Area>
			<Same_as_Row_Area ID="3505">"No"</Same_as_Row_Area>
			<Background_Color ID="3510">RGB&lt;0,0,128&gt;</Background_Color>
			<Text_Color ID="3520">RGB&lt;255,255,255&gt;</Text_Color>
		</Outer_Area>
		<Grid_Area>
			<Selection>
				<Background_Color ID="5120">RGB&lt;24,71,159&gt;</Background_Color>
			</Selection>
			<Aggregators>
				<Background_Color ID="5220">RGB&lt;255,128,128&gt;</Background_Color>
			</Aggregators>
			<Sub_Header_Row_or_Column>
				<Background_Color ID="5320">RGB&lt;255,255,200&gt;</Background_Color>
			</Sub_Header_Row_or_Column>
		</Grid_Area>
	</PageObject>
	<PageObject Type="Pivot Table">
		<Location top="510" left="48" bottom="786" right="480" />
		<TabOrder>1</TabOrder>
		<ObjectUUID>2B51BEA0-ABAF-4ADA-B177-B0AAB5F00E0D</ObjectUUID>
		<Font GUID="00000000-0000-0000-0000-000000000001" Name="Main Font" />
		<Border Style="None" Width="2" MarginTop="1" MarginRight="1" MarginBottom="1" MarginLeft="1" />
		<Contents>
			<Explicit_Identifier>
				<Identifier ID="4110">Copy_Output_pellet_Fluxes_2( fs, pellet_s )</Identifier>
				<Title ID="4120">"Kg/T Pellet"</Title>
				<Format>
					<Decimal_Places ID="4312">1</Decimal_Places>
					<Show_1000_seperator ID="4313">"Yes"</Show_1000_seperator>
					<Alignment ID="4330">"Center"</Alignment>
				</Format>
				<Colors>
					<Text_Color ID="4165">RGB 9f4718</Text_Color>
					<Use_Colors_for_Updatable_Entries_Only ID="4166">0</Use_Colors_for_Updatable_Entries_Only>
				</Colors>
			</Explicit_Identifier>
		</Contents>
		<Indices>
			<Explicit_Index>
				<Index ID="6510">fs</Index>
				<Header_Title ID="6530">"Iron Ore Source"</Header_Title>
				<Colors>
					<Text_Color ID="6540">RGB 000000</Text_Color>
				</Colors>
			</Explicit_Index>
			<Identifier_Index>
				<Header_Title ID="6230">""</Header_Title>
				<Colors>
					<Background_Color ID="6242">RGB 9f4718</Background_Color>
					<Text_Color ID="6240">RGB ffffff</Text_Color>
				</Colors>
				<Header_Width ID="6257">st3</Header_Width>
				<Hide_if_Single_Identifier ID="6270">"No"</Hide_if_Single_Identifier>
			</Identifier_Index>
		</Indices>
		<General>
			<Background_Color ID="1010">RGB&lt;255,255,255&gt;</Background_Color>
			<Font ExtraInfo="78D3D4D2-D2BC-4C37-8F28-00D6E0720349" ID="1030">"cam"</Font>
			<Dense_Aggregation_restricts_to_Domain ID="1022">"Yes"</Dense_Aggregation_restricts_to_Domain>
			<User_Modifications>
				<Reload_Layout_State ID="1241">"Not Allowed"</Reload_Layout_State>
			</User_Modifications>
			<Save_Layout_State>
				<Store_Entire_Tree_Layout ID="1110">1</Store_Entire_Tree_Layout>
			</Save_Layout_State>
		</General>
		<Row_Area>
			<Text_Color ID="2020">RGB&lt;24,71,159&gt;</Text_Color>
			<Headers>
				<Background_Color ID="2120">RGB&lt;0,0,128&gt;</Background_Color>
				<Text_Color ID="2130">RGB&lt;255,255,255&gt;</Text_Color>
				<Show_Sub_Headers ID="2150">"No"</Show_Sub_Headers>
			</Headers>
			<Grid_Focus_Indicator>
				<Background_Color ID="2270">RGB&lt;0,0,168&gt;</Background_Color>
				<Text_Color ID="2280">RGB&lt;255,255,200&gt;</Text_Color>
			</Grid_Focus_Indicator>
		</Row_Area>
		<Column_Area>
			<Headers>
				<Show_Sub_Headers ID="3150">"No"</Show_Sub_Headers>
			</Headers>
		</Column_Area>
		<Outer_Area>
			<Same_as_Row_Area ID="3505">"No"</Same_as_Row_Area>
			<Background_Color ID="3510">RGB&lt;0,0,128&gt;</Background_Color>
			<Text_Color ID="3520">RGB&lt;255,255,255&gt;</Text_Color>
		</Outer_Area>
		<Grid_Area>
			<Selection>
				<Background_Color ID="5120">RGB&lt;24,71,159&gt;</Background_Color>
			</Selection>
			<Aggregators>
				<Background_Color ID="5220">RGB&lt;255,128,128&gt;</Background_Color>
			</Aggregators>
			<Sub_Header_Row_or_Column>
				<Background_Color ID="5320">RGB&lt;255,255,200&gt;</Background_Color>
			</Sub_Header_Row_or_Column>
		</Grid_Area>
	</PageObject>
	<PageObject Type="Text">
		<Location top="240" left="66" bottom="276" right="426" />
		<StaticText>Specification Consumption (Kg)</StaticText>
		<Font GUID="2DAC9622-117B-44C5-B858-5F5723D7A784" Name="cam14" />
		<TextColor RGB="#18479f" />
	</PageObject>
	<PageObject Type="Pivot Table">
		<Location top="294" left="558" bottom="498" right="960" />
		<TabOrder>7</TabOrder>
		<ObjectUUID>CCD0078B-7F71-4D77-A835-CF3130272340</ObjectUUID>
		<Font GUID="00000000-0000-0000-0000-000000000001" Name="Main Font" />
		<Border Style="None" Width="2" MarginTop="1" MarginRight="1" MarginBottom="1" MarginLeft="1" />
		<Contents>
			<Explicit_Identifier>
				<Identifier ID="4110">Copy_Output_pellet_ore_ratio_2( os, pellet_s )</Identifier>
				<Title ID="4120">"% Feed Mix Pellet"</Title>
				<Format>
					<Decimal_Places ID="4312">2</Decimal_Places>
					<Show_1000_seperator ID="4313">"Yes"</Show_1000_seperator>
					<Alignment ID="4330">"Center"</Alignment>
				</Format>
				<Colors>
					<Text_Color ID="4165">RGB 9f4718</Text_Color>
					<Use_Colors_for_Updatable_Entries_Only ID="4166">0</Use_Colors_for_Updatable_Entries_Only>
				</Colors>
			</Explicit_Identifier>
		</Contents>
		<Indices>
			<Explicit_Index>
				<Index ID="6510">os</Index>
				<Header_Title ID="6530">"Iron Ore Source"</Header_Title>
				<Colors>
					<Text_Color ID="6540">RGB 000000</Text_Color>
				</Colors>
			</Explicit_Index>
			<Identifier_Index>
				<Header_Title ID="6230">""</Header_Title>
				<Colors>
					<Background_Color ID="6242">RGB 9f4718</Background_Color>
					<Text_Color ID="6240">RGB ffffff</Text_Color>
				</Colors>
				<Column_Width ID="6255">st2</Column_Width>
				<Hide_if_Single_Identifier ID="6270">"No"</Hide_if_Single_Identifier>
			</Identifier_Index>
		</Indices>
		<General>
			<Background_Color ID="1010">RGB&lt;255,255,255&gt;</Background_Color>
			<Font ExtraInfo="78D3D4D2-D2BC-4C37-8F28-00D6E0720349" ID="1030">"cam"</Font>
			<Dense_Aggregation_restricts_to_Domain ID="1022">"Yes"</Dense_Aggregation_restricts_to_Domain>
			<User_Modifications>
				<Reload_Layout_State ID="1241">"Not Allowed"</Reload_Layout_State>
			</User_Modifications>
			<Save_Layout_State>
				<Store_Entire_Tree_Layout ID="1110">1</Store_Entire_Tree_Layout>
			</Save_Layout_State>
		</General>
		<Row_Area>
			<Text_Color ID="2020">RGB&lt;24,71,159&gt;</Text_Color>
			<Headers>
				<Background_Color ID="2120">RGB&lt;0,0,128&gt;</Background_Color>
				<Text_Color ID="2130">RGB&lt;255,255,255&gt;</Text_Color>
				<Show_Sub_Headers ID="2150">"No"</Show_Sub_Headers>
			</Headers>
			<Grid_Focus_Indicator>
				<Background_Color ID="2270">RGB&lt;0,0,168&gt;</Background_Color>
				<Text_Color ID="2280">RGB&lt;255,255,200&gt;</Text_Color>
			</Grid_Focus_Indicator>
		</Row_Area>
		<Column_Area>
			<Headers>
				<Show_Sub_Headers ID="3150">"No"</Show_Sub_Headers>
			</Headers>
		</Column_Area>
		<Outer_Area>
			<Same_as_Row_Area ID="3505">"No"</Same_as_Row_Area>
			<Background_Color ID="3510">RGB&lt;0,0,128&gt;</Background_Color>
			<Text_Color ID="3520">RGB&lt;255,255,255&gt;</Text_Color>
		</Outer_Area>
		<Grid_Area>
			<Selection>
				<Background_Color ID="5120">RGB&lt;24,71,159&gt;</Background_Color>
			</Selection>
			<Aggregators>
				<Background_Color ID="5220">RGB&lt;255,128,128&gt;</Background_Color>
			</Aggregators>
			<Sub_Header_Row_or_Column>
				<Background_Color ID="5320">RGB&lt;255,255,200&gt;</Background_Color>
			</Sub_Header_Row_or_Column>
		</Grid_Area>
	</PageObject>
	<PageObject Type="Text">
		<Location top="240" left="570" bottom="276" right="930" />
		<StaticText>Pellet Feed Mix %</StaticText>
		<Font GUID="2DAC9622-117B-44C5-B858-5F5723D7A784" Name="cam14" />
		<TextColor RGB="#18479f" />
	</PageObject>
	<PageObject Type="Table">
		<Location top="132" left="348" bottom="162" right="558" />
		<TabOrder>11</TabOrder>
		<Font GUID="A6D7D77D-701C-4A37-BA78-70C3F0497885" Name="headerizom" />
		<Border Style="None" Width="2" />
		<MaxColWidth>20</MaxColWidth>
		<BackgroundColor RGB="#d8e4f9" />
		<RowIndentation>3</RowIndentation>
		<ExplicitIdentifier>
			<Identifier>Pellet_DRI_usage( 'pp1' )</Identifier>
			<FirstColumn>1</FirstColumn>
			<HeaderText>"PP1 to DRI (TPD)"</HeaderText>
			<NumberFormat Width="6" Decimals="0" ThousandSeparator="true" Alignment="Center" />
		</ExplicitIdentifier>
	</PageObject>
	<PageObject Type="Pivot Table">
		<Location top="792" left="720" bottom="888" right="912" />
		<TabOrder>2</TabOrder>
		<ObjectUUID>CE647538-3AA3-4B01-9E1E-2F0F24B00DB1</ObjectUUID>
		<Font GUID="00000000-0000-0000-0000-000000000001" Name="Main Font" />
		<Border Style="None" Width="2" MarginTop="1" MarginRight="1" MarginBottom="1" MarginLeft="1" />
		<Contents>
			<Explicit_Identifier>
				<Identifier ID="4110">output_pellet_basicity( pellet_s )</Identifier>
				<Title ID="4120">"Kg/T Pellet"</Title>
				<Format>
					<Decimal_Places ID="4312">1</Decimal_Places>
					<Show_1000_seperator ID="4313">"Yes"</Show_1000_seperator>
					<Alignment ID="4330">"Center"</Alignment>
				</Format>
				<Colors>
					<Text_Color ID="4165">RGB 9f4718</Text_Color>
					<Use_Colors_for_Updatable_Entries_Only ID="4166">0</Use_Colors_for_Updatable_Entries_Only>
				</Colors>
			</Explicit_Identifier>
		</Contents>
		<Indices>
			<Explicit_Index>
				<Index ID="6510">fs</Index>
				<Header_Title ID="6530">"Iron Ore Source"</Header_Title>
				<Colors>
					<Text_Color ID="6540">RGB 000000</Text_Color>
				</Colors>
			</Explicit_Index>
			<Identifier_Index>
				<Header_Title ID="6230">""</Header_Title>
				<Colors>
					<Background_Color ID="6242">RGB 9f4718</Background_Color>
					<Text_Color ID="6240">RGB ffffff</Text_Color>
				</Colors>
				<Header_Width ID="6257">st3</Header_Width>
				<Hide_if_Single_Identifier ID="6270">"No"</Hide_if_Single_Identifier>
			</Identifier_Index>
		</Indices>
		<General>
			<Background_Color ID="1010">RGB&lt;255,255,255&gt;</Background_Color>
			<Font ExtraInfo="78D3D4D2-D2BC-4C37-8F28-00D6E0720349" ID="1030">"cam"</Font>
			<Dense_Aggregation_restricts_to_Domain ID="1022">"Yes"</Dense_Aggregation_restricts_to_Domain>
			<User_Modifications>
				<Reload_Layout_State ID="1241">"Not Allowed"</Reload_Layout_State>
			</User_Modifications>
			<Save_Layout_State>
				<Store_Entire_Tree_Layout ID="1110">1</Store_Entire_Tree_Layout>
			</Save_Layout_State>
		</General>
		<Row_Area>
			<Text_Color ID="2020">RGB&lt;24,71,159&gt;</Text_Color>
			<Headers>
				<Background_Color ID="2120">RGB&lt;0,0,128&gt;</Background_Color>
				<Text_Color ID="2130">RGB&lt;255,255,255&gt;</Text_Color>
				<Show_Sub_Headers ID="2150">"No"</Show_Sub_Headers>
			</Headers>
			<Grid_Focus_Indicator>
				<Background_Color ID="2270">RGB&lt;0,0,168&gt;</Background_Color>
				<Text_Color ID="2280">RGB&lt;255,255,200&gt;</Text_Color>
			</Grid_Focus_Indicator>
		</Row_Area>
		<Column_Area>
			<Headers>
				<Show_Sub_Headers ID="3150">"No"</Show_Sub_Headers>
			</Headers>
		</Column_Area>
		<Outer_Area>
			<Same_as_Row_Area ID="3505">"No"</Same_as_Row_Area>
			<Background_Color ID="3510">RGB&lt;0,0,128&gt;</Background_Color>
			<Text_Color ID="3520">RGB&lt;255,255,255&gt;</Text_Color>
		</Outer_Area>
		<Grid_Area>
			<Selection>
				<Background_Color ID="5120">RGB&lt;24,71,159&gt;</Background_Color>
			</Selection>
			<Aggregators>
				<Background_Color ID="5220">RGB&lt;255,128,128&gt;</Background_Color>
			</Aggregators>
			<Sub_Header_Row_or_Column>
				<Background_Color ID="5320">RGB&lt;255,255,200&gt;</Background_Color>
			</Sub_Header_Row_or_Column>
		</Grid_Area>
	</PageObject>
	<PageObject Type="Pivot Table">
		<Location top="510" left="558" bottom="852" right="966" />
		<TabOrder>8</TabOrder>
		<ObjectUUID>D927C9B5-3B75-4AC3-ACDF-3955BB215B4A</ObjectUUID>
		<Font GUID="00000000-0000-0000-0000-000000000001" Name="Main Font" />
		<Border Style="None" Width="2" MarginTop="1" MarginRight="1" MarginBottom="1" MarginLeft="1" />
		<Contents>
			<Explicit_Identifier>
				<Identifier ID="4110">Copy_Output_pellet_specs( op1, pellet_s )</Identifier>
				<Title ID="4120">"Pellet Specs %"</Title>
				<Format>
					<Decimal_Places ID="4312">2</Decimal_Places>
					<Show_1000_seperator ID="4313">"Yes"</Show_1000_seperator>
					<Alignment ID="4330">"Center"</Alignment>
				</Format>
				<Colors>
					<Text_Color ID="4165">RGB 9f4718</Text_Color>
					<Use_Colors_for_Updatable_Entries_Only ID="4166">0</Use_Colors_for_Updatable_Entries_Only>
				</Colors>
			</Explicit_Identifier>
		</Contents>
		<Indices>
			<Explicit_Index>
				<Index ID="6510">os</Index>
				<Header_Title ID="6530">"Iron Ore Source"</Header_Title>
				<Colors>
					<Text_Color ID="6540">RGB 000000</Text_Color>
				</Colors>
			</Explicit_Index>
			<Identifier_Index>
				<Header_Title ID="6230">""</Header_Title>
				<Colors>
					<Background_Color ID="6242">RGB 9f4718</Background_Color>
					<Text_Color ID="6240">RGB ffffff</Text_Color>
				</Colors>
				<Column_Width ID="6255">st2</Column_Width>
				<Hide_if_Single_Identifier ID="6270">"No"</Hide_if_Single_Identifier>
			</Identifier_Index>
		</Indices>
		<General>
			<Background_Color ID="1010">RGB&lt;255,255,255&gt;</Background_Color>
			<Font ExtraInfo="78D3D4D2-D2BC-4C37-8F28-00D6E0720349" ID="1030">"cam"</Font>
			<Dense_Aggregation_restricts_to_Domain ID="1022">"Yes"</Dense_Aggregation_restricts_to_Domain>
			<User_Modifications>
				<Reload_Layout_State ID="1241">"Not Allowed"</Reload_Layout_State>
			</User_Modifications>
			<Save_Layout_State>
				<Store_Entire_Tree_Layout ID="1110">1</Store_Entire_Tree_Layout>
			</Save_Layout_State>
		</General>
		<Row_Area>
			<Text_Color ID="2020">RGB&lt;24,71,159&gt;</Text_Color>
			<Headers>
				<Background_Color ID="2120">RGB&lt;0,0,128&gt;</Background_Color>
				<Text_Color ID="2130">RGB&lt;255,255,255&gt;</Text_Color>
				<Show_Sub_Headers ID="2150">"No"</Show_Sub_Headers>
			</Headers>
			<Grid_Focus_Indicator>
				<Background_Color ID="2270">RGB&lt;0,0,168&gt;</Background_Color>
				<Text_Color ID="2280">RGB&lt;255,255,200&gt;</Text_Color>
			</Grid_Focus_Indicator>
		</Row_Area>
		<Column_Area>
			<Headers>
				<Show_Sub_Headers ID="3150">"No"</Show_Sub_Headers>
			</Headers>
		</Column_Area>
		<Outer_Area>
			<Same_as_Row_Area ID="3505">"No"</Same_as_Row_Area>
			<Background_Color ID="3510">RGB&lt;0,0,128&gt;</Background_Color>
			<Text_Color ID="3520">RGB&lt;255,255,255&gt;</Text_Color>
		</Outer_Area>
		<Grid_Area>
			<Selection>
				<Background_Color ID="5120">RGB&lt;24,71,159&gt;</Background_Color>
			</Selection>
			<Aggregators>
				<Background_Color ID="5220">RGB&lt;255,128,128&gt;</Background_Color>
			</Aggregators>
			<Sub_Header_Row_or_Column>
				<Background_Color ID="5320">RGB&lt;255,255,200&gt;</Background_Color>
			</Sub_Header_Row_or_Column>
		</Grid_Area>
	</PageObject>
	<PageObject Type="Text">
		<Location top="858" left="630" bottom="882" right="720" />
		<StaticText>Basicity</StaticText>
		<Font GUID="A538D381-62BA-427B-81ED-173DE9184DE2" Name="cam10" />
		<TextColor RGB="#18479f" />
	</PageObject>
	<PageObject Type="Pivot Table">
		<Location top="792" left="48" bottom="924" right="432" />
		<TabOrder>6</TabOrder>
		<ObjectUUID>7027200D-B8D2-4BE0-84BE-3854A60B5756</ObjectUUID>
		<Font GUID="00000000-0000-0000-0000-000000000001" Name="Main Font" />
		<Border Style="None" Width="2" MarginTop="1" MarginRight="1" MarginBottom="1" MarginLeft="1" />
		<Contents>
			<Explicit_Identifier>
				<Identifier ID="4110">output_pellet_ibrm_table( pellet_s, ibr )</Identifier>
				<Title ID="4120">"Pellet IBRM (Kg/T)"</Title>
				<Format>
					<Decimal_Places ID="4312">0</Decimal_Places>
					<Show_1000_seperator ID="4313">"Yes"</Show_1000_seperator>
					<Alignment ID="4330">"Center"</Alignment>
				</Format>
				<Colors>
					<Text_Color ID="4165">RGB 9f4718</Text_Color>
					<Use_Colors_for_Updatable_Entries_Only ID="4166">0</Use_Colors_for_Updatable_Entries_Only>
				</Colors>
			</Explicit_Identifier>
		</Contents>
		<Indices>
			<Explicit_Index>
				<Index ID="6510">os</Index>
				<Header_Title ID="6530">"Iron Ore Source"</Header_Title>
				<Colors>
					<Text_Color ID="6540">RGB 000000</Text_Color>
				</Colors>
			</Explicit_Index>
			<Identifier_Index>
				<Header_Title ID="6230">""</Header_Title>
				<Colors>
					<Background_Color ID="6242">RGB 9f4718</Background_Color>
					<Text_Color ID="6240">RGB ffffff</Text_Color>
				</Colors>
				<Column_Width ID="6255">st2</Column_Width>
				<Hide_if_Single_Identifier ID="6270">"No"</Hide_if_Single_Identifier>
			</Identifier_Index>
		</Indices>
		<General>
			<Background_Color ID="1010">RGB&lt;255,255,255&gt;</Background_Color>
			<Font ExtraInfo="78D3D4D2-D2BC-4C37-8F28-00D6E0720349" ID="1030">"cam"</Font>
			<Dense_Aggregation_restricts_to_Domain ID="1022">"Yes"</Dense_Aggregation_restricts_to_Domain>
			<User_Modifications>
				<Reload_Layout_State ID="1241">"Not Allowed"</Reload_Layout_State>
			</User_Modifications>
			<Save_Layout_State>
				<Store_Entire_Tree_Layout ID="1110">1</Store_Entire_Tree_Layout>
			</Save_Layout_State>
		</General>
		<Row_Area>
			<Text_Color ID="2020">RGB&lt;24,71,159&gt;</Text_Color>
			<Headers>
				<Background_Color ID="2120">RGB&lt;0,0,128&gt;</Background_Color>
				<Text_Color ID="2130">RGB&lt;255,255,255&gt;</Text_Color>
				<Show_Sub_Headers ID="2150">"No"</Show_Sub_Headers>
			</Headers>
			<Grid_Focus_Indicator>
				<Background_Color ID="2270">RGB&lt;0,0,168&gt;</Background_Color>
				<Text_Color ID="2280">RGB&lt;255,255,200&gt;</Text_Color>
			</Grid_Focus_Indicator>
		</Row_Area>
		<Column_Area>
			<Headers>
				<Show_Sub_Headers ID="3150">"No"</Show_Sub_Headers>
			</Headers>
		</Column_Area>
		<Outer_Area>
			<Same_as_Row_Area ID="3505">"No"</Same_as_Row_Area>
			<Background_Color ID="3510">RGB&lt;0,0,128&gt;</Background_Color>
			<Text_Color ID="3520">RGB&lt;255,255,255&gt;</Text_Color>
		</Outer_Area>
		<Grid_Area>
			<Selection>
				<Background_Color ID="5120">RGB&lt;24,71,159&gt;</Background_Color>
			</Selection>
			<Aggregators>
				<Background_Color ID="5220">RGB&lt;255,128,128&gt;</Background_Color>
			</Aggregators>
			<Sub_Header_Row_or_Column>
				<Background_Color ID="5320">RGB&lt;255,255,200&gt;</Background_Color>
			</Sub_Header_Row_or_Column>
		</Grid_Area>
	</PageObject>
	<PageObject Type="Table">
		<Location top="132" left="762" bottom="162" right="858" />
		<TabOrder>9</TabOrder>
		<Font GUID="A6D7D77D-701C-4A37-BA78-70C3F0497885" Name="headerizom" />
		<Border Style="None" Width="2" />
		<MaxColWidth>20</MaxColWidth>
		<BackgroundColor RGB="#d8e4f9" />
		<RowIndentation>3</RowIndentation>
		<ExplicitIdentifier>
			<Identifier>Pellet_closing_stock( 'pp1' )</Identifier>
			<FirstColumn>1</FirstColumn>
			<HeaderText>""</HeaderText>
			<NumberFormat Width="7" Decimals="0" ThousandSeparator="true" Alignment="Center" />
		</ExplicitIdentifier>
	</PageObject>
	<PageObject Type="Table">
		<Location top="162" left="762" bottom="192" right="858" />
		<TabOrder>8</TabOrder>
		<Font GUID="A6D7D77D-701C-4A37-BA78-70C3F0497885" Name="headerizom" />
		<Border Style="None" Width="2" />
		<MaxColWidth>20</MaxColWidth>
		<BackgroundColor RGB="#12387c" />
		<TextColor RGB="#ffffff" />
		<RowIndentation>3</RowIndentation>
		<ExplicitIdentifier>
			<Identifier>Pellet_closing_stock( 'pp2' )</Identifier>
			<FirstColumn>1</FirstColumn>
			<HeaderText>""</HeaderText>
			<NumberFormat Width="7" Decimals="0" ThousandSeparator="true" Alignment="Center" />
		</ExplicitIdentifier>
	</PageObject>
	<PageObject Type="Table">
		<Location top="132" left="576" bottom="162" right="780" />
		<TabOrder>10</TabOrder>
		<Font GUID="A6D7D77D-701C-4A37-BA78-70C3F0497885" Name="headerizom" />
		<Border Style="None" Width="2" />
		<MaxColWidth>20</MaxColWidth>
		<BackgroundColor RGB="#d8e4f9" />
		<RowIndentation>3</RowIndentation>
		<MultipleCellChanges>false</MultipleCellChanges>
		<ExplicitIdentifier>
			<Identifier>stock_spec_value( 'PP1 SIP Pellet', 'OpeningStock(Ton)' )</Identifier>
			<FirstColumn>2</FirstColumn>
			<HeaderText>"Pellet Plant 1    "</HeaderText>
			<NumberFormat Width="6" Decimals="0" ThousandSeparator="true" Alignment="Center" />
		</ExplicitIdentifier>
	</PageObject>
	<PageObject Type="Table">
		<Location top="162" left="576" bottom="192" right="780" />
		<TabOrder>2</TabOrder>
		<Font GUID="A6D7D77D-701C-4A37-BA78-70C3F0497885" Name="headerizom" />
		<Border Style="None" Width="2" />
		<MaxColWidth>20</MaxColWidth>
		<BackgroundColor RGB="#12387c" />
		<TextColor RGB="#ffffff" />
		<RowIndentation>3</RowIndentation>
		<MultipleCellChanges>false</MultipleCellChanges>
		<ExplicitIdentifier>
			<Identifier>stock_spec_value( 'PP2 BF Pellet', 'OpeningStock(Ton)' )</Identifier>
			<FirstColumn>2</FirstColumn>
			<HeaderText>"Pellet Plant 2    "</HeaderText>
			<NumberFormat Width="6" Decimals="0" ThousandSeparator="true" Alignment="Center" />
		</ExplicitIdentifier>
	</PageObject>
	<PageObject Type="Text">
		<Location top="84" left="690" bottom="138" right="780" />
		<StaticText>Opening Stock (TPD)</StaticText>
		<Alignment>Center</Alignment>
		<Font GUID="A538D381-62BA-427B-81ED-173DE9184DE2" Name="cam10" />
		<TextColor RGB="#18479f" />
	</PageObject>
	<PageObject Type="Text">
		<Location top="84" left="780" bottom="126" right="870" />
		<StaticText>Closing Stock (TPD)</StaticText>
		<Alignment>Center</Alignment>
		<Font GUID="A538D381-62BA-427B-81ED-173DE9184DE2" Name="cam10" />
		<TextColor RGB="#18479f" />
	</PageObject>
	<UsedReferences>
		<Model>
			<Symbol>Pellet_closing_stock</Symbol>
			<Symbol>st2</Symbol>
			<Symbol>st3</Symbol>
			<Symbol>Pellet_DRI_usage</Symbol>
			<Symbol>stock_spec_value</Symbol>
			<Symbol>output_pellet_production_2</Symbol>
			<Symbol>output_pellet_ibrm_table</Symbol>
			<Symbol>Copy_Output_pellet_ore_quantity_2</Symbol>
			<Symbol>Copy_Output_pellet_ore_ratio_2</Symbol>
			<Symbol>Output_pellet_cost</Symbol>
			<Symbol>Copy_Output_pellet_Fluxes_2</Symbol>
			<Symbol>Copy_Output_pellet_specs</Symbol>
			<Symbol>output_pellet_basicity</Symbol>
			<Symbol>pellet_s</Symbol>
			<Symbol>os</Symbol>
			<Symbol>op1</Symbol>
			<Symbol>fs</Symbol>
			<Symbol>ibr</Symbol>
		</Model>
	</UsedReferences>
</Page>
