<?xml version="1.0"?>
<Page Version="4000" TimeStamp="2020-03-21 17:36:45" NeedsCompiledModel="false">
	<PageEditSize Type="Inherited" />
	<ProjectUUID>F686E807-0E49-419F-97D6-5D78B49FEADF</ProjectUUID>
	<TemplatesTabOrderPosition>1</TemplatesTabOrderPosition>
	<Background Inherited="true" />
	<PageObject Type="Tabbed Page Object">
		<Location top="6" left="6" bottom="546" right="1086" />
		<TabOrder>1</TabOrder>
		<PrintingOccurrence>Never</PrintingOccurrence>
		<Font GUID="DEF43F2C-4C96-4193-A797-AD2C3760CE90" Name="Arial10bi" />
		<ParentPage PageGUID="3C2F3A20-64EB-4252-A4B5-FBB904ED07CC" Name="Copy Output" />
		<MultipleTabRows>true</MultipleTabRows>
		<SelectedPageSymbol>SelectedPageOutput</SelectedPageSymbol>
	</PageObject>
	<UsedReferences>
		<Model />
	</UsedReferences>
</Page>
