<?xml version="1.0"?>
<Page Version="4000" TimeStamp="2022-04-19 11:27:57">
	<PageEditSize Type="Inherited" />
	<ProjectUUID>F686E807-0E49-419F-97D6-5D78B49FEADF</ProjectUUID>
	<TemplatesTabOrderPosition>1</TemplatesTabOrderPosition>
	<Background RGB="#ffffff" />
	<PageObject Type="Picture">
		<Location top="0" left="0" bottom="78" right="276" />
		<FileName LiteralFileName="true">"MainProject\logo.png"</FileName>
		<Display>StretchOrShrink</Display>
		<Center>true</Center>
	</PageObject>
	<PageObject Type="Text">
		<Location top="24" left="282" bottom="66" right="936" />
		<StaticText>Iron Zone Optimization - Sinter Plant Deep Dive</StaticText>
		<Alignment>Center</Alignment>
		<Font GUID="2DAC9622-117B-44C5-B858-5F5723D7A784" Name="cam14" />
		<TextColor RGB="#18479f" />
	</PageObject>
	<PageObject Type="Table">
		<Location top="132" left="234" bottom="162" right="330" />
		<TabOrder>9</TabOrder>
		<Font GUID="A6D7D77D-701C-4A37-BA78-70C3F0497885" Name="headerizom" />
		<Border Style="None" Width="2" />
		<MaxColWidth>20</MaxColWidth>
		<BackgroundColor RGB="#d8e4f9" />
		<RowIndentation>3</RowIndentation>
		<ExplicitIdentifier>
			<Identifier>output_sinter_cost( 'sp1' )</Identifier>
			<FirstColumn>1</FirstColumn>
			<HeaderText>""</HeaderText>
			<NumberFormat Width="7" Decimals="0" ThousandSeparator="true" Alignment="Center" />
		</ExplicitIdentifier>
	</PageObject>
	<PageObject Type="Table">
		<Location top="162" left="234" bottom="192" right="330" />
		<TabOrder>8</TabOrder>
		<Font GUID="A6D7D77D-701C-4A37-BA78-70C3F0497885" Name="headerizom" />
		<Border Style="None" Width="2" />
		<MaxColWidth>20</MaxColWidth>
		<BackgroundColor RGB="#12387c" />
		<TextColor RGB="#ffffff" />
		<RowIndentation>3</RowIndentation>
		<ExplicitIdentifier>
			<Identifier>output_sinter_cost( 'sp2' )</Identifier>
			<FirstColumn>1</FirstColumn>
			<HeaderText>""</HeaderText>
			<NumberFormat Width="7" Decimals="0" ThousandSeparator="true" Alignment="Center" />
		</ExplicitIdentifier>
	</PageObject>
	<PageObject Type="Table">
		<Location top="132" left="48" bottom="162" right="252" />
		<TabOrder>10</TabOrder>
		<Font GUID="A6D7D77D-701C-4A37-BA78-70C3F0497885" Name="headerizom" />
		<Border Style="None" Width="2" />
		<MaxColWidth>20</MaxColWidth>
		<BackgroundColor RGB="#d8e4f9" />
		<RowIndentation>3</RowIndentation>
		<ExplicitIdentifier>
			<Identifier>output_sinter_total_production( 'sp1' )</Identifier>
			<FirstColumn>1</FirstColumn>
			<HeaderText>"Sinter Plant 1    "</HeaderText>
			<NumberFormat Width="6" Decimals="0" ThousandSeparator="true" Alignment="Center" />
		</ExplicitIdentifier>
	</PageObject>
	<PageObject Type="Table">
		<Location top="162" left="48" bottom="192" right="252" />
		<TabOrder>2</TabOrder>
		<Font GUID="A6D7D77D-701C-4A37-BA78-70C3F0497885" Name="headerizom" />
		<Border Style="None" Width="2" />
		<MaxColWidth>20</MaxColWidth>
		<BackgroundColor RGB="#12387c" />
		<TextColor RGB="#ffffff" />
		<RowIndentation>3</RowIndentation>
		<ExplicitIdentifier>
			<Identifier>output_sinter_total_production( 'sp2' )</Identifier>
			<FirstColumn>1</FirstColumn>
			<HeaderText>"Sinter Plant 2    "</HeaderText>
			<NumberFormat Width="6" Decimals="0" ThousandSeparator="true" Alignment="Center" />
		</ExplicitIdentifier>
	</PageObject>
	<PageObject Type="Text">
		<Location top="84" left="168" bottom="138" right="258" />
		<StaticText>Production
(TPD)</StaticText>
		<Alignment>Center</Alignment>
		<Font GUID="A538D381-62BA-427B-81ED-173DE9184DE2" Name="cam10" />
		<TextColor RGB="#18479f" />
	</PageObject>
	<PageObject Type="Text">
		<Location top="84" left="252" bottom="126" right="330" />
		<StaticText>Cost
(Rs/T)</StaticText>
		<Alignment>Center</Alignment>
		<Font GUID="A538D381-62BA-427B-81ED-173DE9184DE2" Name="cam10" />
		<TextColor RGB="#18479f" />
	</PageObject>
	<PageObject Type="Pivot Table">
		<Location top="264" left="36" bottom="420" right="390" />
		<TabOrder>3</TabOrder>
		<ObjectUUID>34839C4A-C0A8-4F2E-9723-6F3B46825E66</ObjectUUID>
		<Font GUID="00000000-0000-0000-0000-000000000001" Name="Main Font" />
		<Border Style="None" Width="2" MarginTop="1" MarginRight="1" MarginBottom="1" MarginLeft="1" />
		<Contents>
			<Explicit_Identifier>
				<Identifier ID="4110">Output_sinter_ore_quantity_2( os, sinter_s )</Identifier>
				<Title ID="4120">"Kg/T Sinter"</Title>
				<Format>
					<Decimal_Places ID="4312">2</Decimal_Places>
					<Show_1000_seperator ID="4313">"Yes"</Show_1000_seperator>
					<Alignment ID="4330">"Center"</Alignment>
				</Format>
				<Colors>
					<Text_Color ID="4165">RGB 9f4718</Text_Color>
					<Use_Colors_for_Updatable_Entries_Only ID="4166">0</Use_Colors_for_Updatable_Entries_Only>
				</Colors>
			</Explicit_Identifier>
		</Contents>
		<Indices>
			<Explicit_Index>
				<Index ID="6510">os</Index>
				<Header_Title ID="6530">"Iron Ore Source"</Header_Title>
				<Colors>
					<Text_Color ID="6540">RGB 000000</Text_Color>
				</Colors>
			</Explicit_Index>
			<Identifier_Index>
				<Header_Title ID="6230">""</Header_Title>
				<Colors>
					<Background_Color ID="6242">RGB 9f4718</Background_Color>
					<Text_Color ID="6240">RGB ffffff</Text_Color>
				</Colors>
				<Column_Width ID="6255">st2</Column_Width>
				<Hide_if_Single_Identifier ID="6270">"No"</Hide_if_Single_Identifier>
			</Identifier_Index>
		</Indices>
		<General>
			<Background_Color ID="1010">RGB&lt;255,255,255&gt;</Background_Color>
			<Font ExtraInfo="78D3D4D2-D2BC-4C37-8F28-00D6E0720349" ID="1030">"cam"</Font>
			<Dense_Aggregation_restricts_to_Domain ID="1022">"Yes"</Dense_Aggregation_restricts_to_Domain>
			<User_Modifications>
				<Reload_Layout_State ID="1241">"Not Allowed"</Reload_Layout_State>
			</User_Modifications>
			<Save_Layout_State>
				<Store_Entire_Tree_Layout ID="1110">1</Store_Entire_Tree_Layout>
			</Save_Layout_State>
		</General>
		<Row_Area>
			<Text_Color ID="2020">RGB&lt;24,71,159&gt;</Text_Color>
			<Headers>
				<Background_Color ID="2120">RGB&lt;0,0,128&gt;</Background_Color>
				<Text_Color ID="2130">RGB&lt;255,255,255&gt;</Text_Color>
				<Show_Sub_Headers ID="2150">"No"</Show_Sub_Headers>
			</Headers>
			<Grid_Focus_Indicator>
				<Background_Color ID="2270">RGB&lt;0,0,168&gt;</Background_Color>
				<Text_Color ID="2280">RGB&lt;255,255,200&gt;</Text_Color>
			</Grid_Focus_Indicator>
		</Row_Area>
		<Column_Area>
			<Headers>
				<Show_Sub_Headers ID="3150">"No"</Show_Sub_Headers>
			</Headers>
		</Column_Area>
		<Outer_Area>
			<Same_as_Row_Area ID="3505">"No"</Same_as_Row_Area>
			<Background_Color ID="3510">RGB&lt;0,0,128&gt;</Background_Color>
			<Text_Color ID="3520">RGB&lt;255,255,255&gt;</Text_Color>
		</Outer_Area>
		<Grid_Area>
			<Selection>
				<Background_Color ID="5120">RGB&lt;24,71,159&gt;</Background_Color>
			</Selection>
			<Aggregators>
				<Background_Color ID="5220">RGB&lt;255,128,128&gt;</Background_Color>
			</Aggregators>
			<Sub_Header_Row_or_Column>
				<Background_Color ID="5320">RGB&lt;255,255,200&gt;</Background_Color>
			</Sub_Header_Row_or_Column>
		</Grid_Area>
	</PageObject>
	<PageObject Type="Pivot Table">
		<Location top="492" left="36" bottom="828" right="396" />
		<TabOrder>1</TabOrder>
		<ObjectUUID>CF929D0D-49B9-4084-A095-7F710E636403</ObjectUUID>
		<Font GUID="00000000-0000-0000-0000-000000000001" Name="Main Font" />
		<Border Style="None" Width="2" MarginTop="1" MarginRight="1" MarginBottom="1" MarginLeft="1" />
		<Contents>
			<Explicit_Identifier>
				<Identifier ID="4110">Output_sinter_fluxes_2( fs, sinter_s )</Identifier>
				<Title ID="4120">"Kg/T Sinter "</Title>
				<Format>
					<Decimal_Places ID="4312">1</Decimal_Places>
					<Show_1000_seperator ID="4313">"Yes"</Show_1000_seperator>
					<Alignment ID="4330">"Center"</Alignment>
				</Format>
				<Colors>
					<Text_Color ID="4165">RGB 9f4718</Text_Color>
					<Use_Colors_for_Updatable_Entries_Only ID="4166">0</Use_Colors_for_Updatable_Entries_Only>
				</Colors>
			</Explicit_Identifier>
		</Contents>
		<Indices>
			<Explicit_Index>
				<Index ID="6510">fs</Index>
				<Header_Title ID="6530">"Iron Ore Source"</Header_Title>
				<Colors>
					<Text_Color ID="6540">RGB 000000</Text_Color>
				</Colors>
			</Explicit_Index>
			<Identifier_Index>
				<Header_Title ID="6230">""</Header_Title>
				<Colors>
					<Background_Color ID="6242">RGB 9f4718</Background_Color>
					<Text_Color ID="6240">RGB ffffff</Text_Color>
				</Colors>
				<Header_Width ID="6257">st3</Header_Width>
				<Hide_if_Single_Identifier ID="6270">"No"</Hide_if_Single_Identifier>
			</Identifier_Index>
		</Indices>
		<General>
			<Background_Color ID="1010">RGB&lt;255,255,255&gt;</Background_Color>
			<Font ExtraInfo="78D3D4D2-D2BC-4C37-8F28-00D6E0720349" ID="1030">"cam"</Font>
			<Dense_Aggregation_restricts_to_Domain ID="1022">"Yes"</Dense_Aggregation_restricts_to_Domain>
			<User_Modifications>
				<Reload_Layout_State ID="1241">"Not Allowed"</Reload_Layout_State>
			</User_Modifications>
			<Save_Layout_State>
				<Store_Entire_Tree_Layout ID="1110">1</Store_Entire_Tree_Layout>
			</Save_Layout_State>
		</General>
		<Row_Area>
			<Text_Color ID="2020">RGB&lt;24,71,159&gt;</Text_Color>
			<Headers>
				<Background_Color ID="2120">RGB&lt;0,0,128&gt;</Background_Color>
				<Text_Color ID="2130">RGB&lt;255,255,255&gt;</Text_Color>
				<Show_Sub_Headers ID="2150">"No"</Show_Sub_Headers>
			</Headers>
			<Grid_Focus_Indicator>
				<Background_Color ID="2270">RGB&lt;0,0,168&gt;</Background_Color>
				<Text_Color ID="2280">RGB&lt;255,255,200&gt;</Text_Color>
			</Grid_Focus_Indicator>
		</Row_Area>
		<Column_Area>
			<Headers>
				<Show_Sub_Headers ID="3150">"No"</Show_Sub_Headers>
			</Headers>
		</Column_Area>
		<Outer_Area>
			<Same_as_Row_Area ID="3505">"No"</Same_as_Row_Area>
			<Background_Color ID="3510">RGB&lt;0,0,128&gt;</Background_Color>
			<Text_Color ID="3520">RGB&lt;255,255,255&gt;</Text_Color>
		</Outer_Area>
		<Grid_Area>
			<Selection>
				<Background_Color ID="5120">RGB&lt;24,71,159&gt;</Background_Color>
			</Selection>
			<Aggregators>
				<Background_Color ID="5220">RGB&lt;255,128,128&gt;</Background_Color>
			</Aggregators>
			<Sub_Header_Row_or_Column>
				<Background_Color ID="5320">RGB&lt;255,255,200&gt;</Background_Color>
			</Sub_Header_Row_or_Column>
		</Grid_Area>
	</PageObject>
	<PageObject Type="Text">
		<Location top="222" left="48" bottom="258" right="408" />
		<StaticText>Specification Consumption (Kg)</StaticText>
		<Font GUID="2DAC9622-117B-44C5-B858-5F5723D7A784" Name="cam14" />
		<TextColor RGB="#18479f" />
	</PageObject>
	<PageObject Type="Pivot Table">
		<Location top="264" left="516" bottom="420" right="870" />
		<TabOrder>6</TabOrder>
		<ObjectUUID>6F9081C6-A686-4EB9-9A82-34A4AEEA65BB</ObjectUUID>
		<Font GUID="00000000-0000-0000-0000-000000000001" Name="Main Font" />
		<Border Style="None" Width="2" MarginTop="1" MarginRight="1" MarginBottom="1" MarginLeft="1" />
		<Contents>
			<Explicit_Identifier>
				<Identifier ID="4110">Output_sinter_ore_Ratio_2( os, sinter_s )</Identifier>
				<Title ID="4120">"Sinter Feed Mix"</Title>
				<Format>
					<Decimal_Places ID="4312">2</Decimal_Places>
					<Show_1000_seperator ID="4313">"Yes"</Show_1000_seperator>
					<Alignment ID="4330">"Center"</Alignment>
				</Format>
				<Colors>
					<Text_Color ID="4165">RGB 9f4718</Text_Color>
					<Use_Colors_for_Updatable_Entries_Only ID="4166">0</Use_Colors_for_Updatable_Entries_Only>
				</Colors>
			</Explicit_Identifier>
		</Contents>
		<Indices>
			<Explicit_Index>
				<Index ID="6510">os</Index>
				<Header_Title ID="6530">"Iron Ore Source"</Header_Title>
				<Colors>
					<Text_Color ID="6540">RGB 000000</Text_Color>
				</Colors>
			</Explicit_Index>
			<Identifier_Index>
				<Header_Title ID="6230">""</Header_Title>
				<Colors>
					<Background_Color ID="6242">RGB 9f4718</Background_Color>
					<Text_Color ID="6240">RGB ffffff</Text_Color>
				</Colors>
				<Column_Width ID="6255">st2</Column_Width>
				<Hide_if_Single_Identifier ID="6270">"No"</Hide_if_Single_Identifier>
			</Identifier_Index>
		</Indices>
		<General>
			<Background_Color ID="1010">RGB&lt;255,255,255&gt;</Background_Color>
			<Font ExtraInfo="78D3D4D2-D2BC-4C37-8F28-00D6E0720349" ID="1030">"cam"</Font>
			<Dense_Aggregation_restricts_to_Domain ID="1022">"Yes"</Dense_Aggregation_restricts_to_Domain>
			<User_Modifications>
				<Reload_Layout_State ID="1241">"Not Allowed"</Reload_Layout_State>
			</User_Modifications>
			<Save_Layout_State>
				<Store_Entire_Tree_Layout ID="1110">1</Store_Entire_Tree_Layout>
			</Save_Layout_State>
		</General>
		<Row_Area>
			<Text_Color ID="2020">RGB&lt;24,71,159&gt;</Text_Color>
			<Headers>
				<Background_Color ID="2120">RGB&lt;0,0,128&gt;</Background_Color>
				<Text_Color ID="2130">RGB&lt;255,255,255&gt;</Text_Color>
				<Show_Sub_Headers ID="2150">"No"</Show_Sub_Headers>
			</Headers>
			<Grid_Focus_Indicator>
				<Background_Color ID="2270">RGB&lt;0,0,168&gt;</Background_Color>
				<Text_Color ID="2280">RGB&lt;255,255,200&gt;</Text_Color>
			</Grid_Focus_Indicator>
		</Row_Area>
		<Column_Area>
			<Headers>
				<Show_Sub_Headers ID="3150">"No"</Show_Sub_Headers>
			</Headers>
		</Column_Area>
		<Outer_Area>
			<Same_as_Row_Area ID="3505">"No"</Same_as_Row_Area>
			<Background_Color ID="3510">RGB&lt;0,0,128&gt;</Background_Color>
			<Text_Color ID="3520">RGB&lt;255,255,255&gt;</Text_Color>
		</Outer_Area>
		<Grid_Area>
			<Selection>
				<Background_Color ID="5120">RGB&lt;24,71,159&gt;</Background_Color>
			</Selection>
			<Aggregators>
				<Background_Color ID="5220">RGB&lt;255,128,128&gt;</Background_Color>
			</Aggregators>
			<Sub_Header_Row_or_Column>
				<Background_Color ID="5320">RGB&lt;255,255,200&gt;</Background_Color>
			</Sub_Header_Row_or_Column>
		</Grid_Area>
	</PageObject>
	<PageObject Type="Text">
		<Location top="222" left="528" bottom="258" right="888" />
		<StaticText>Sinter Feed Mix %</StaticText>
		<Font GUID="2DAC9622-117B-44C5-B858-5F5723D7A784" Name="cam14" />
		<TextColor RGB="#18479f" />
	</PageObject>
	<PageObject Type="Pivot Table">
		<Location top="840" left="36" bottom="972" right="420" />
		<TabOrder>5</TabOrder>
		<ObjectUUID>0F185D9B-B30F-44D4-82E3-13238A98D4FB</ObjectUUID>
		<Font GUID="00000000-0000-0000-0000-000000000001" Name="Main Font" />
		<Border Style="None" Width="2" MarginTop="1" MarginRight="1" MarginBottom="1" MarginLeft="1" />
		<Contents>
			<Explicit_Identifier>
				<Identifier ID="4110">output_sinter_ibrm_table( sinter_s, ibr )</Identifier>
				<Title ID="4120">"Sinter IBRM (Kg/T)"</Title>
				<Format>
					<Decimal_Places ID="4312">0</Decimal_Places>
					<Show_1000_seperator ID="4313">"Yes"</Show_1000_seperator>
					<Alignment ID="4330">"Center"</Alignment>
				</Format>
				<Colors>
					<Text_Color ID="4165">RGB 9f4718</Text_Color>
					<Use_Colors_for_Updatable_Entries_Only ID="4166">0</Use_Colors_for_Updatable_Entries_Only>
				</Colors>
			</Explicit_Identifier>
		</Contents>
		<Indices>
			<Explicit_Index>
				<Index ID="6510">os</Index>
				<Header_Title ID="6530">"Iron Ore Source"</Header_Title>
				<Colors>
					<Text_Color ID="6540">RGB 000000</Text_Color>
				</Colors>
			</Explicit_Index>
			<Identifier_Index>
				<Header_Title ID="6230">""</Header_Title>
				<Colors>
					<Background_Color ID="6242">RGB 9f4718</Background_Color>
					<Text_Color ID="6240">RGB ffffff</Text_Color>
				</Colors>
				<Column_Width ID="6255">st2</Column_Width>
				<Hide_if_Single_Identifier ID="6270">"No"</Hide_if_Single_Identifier>
			</Identifier_Index>
		</Indices>
		<General>
			<Background_Color ID="1010">RGB&lt;255,255,255&gt;</Background_Color>
			<Font ExtraInfo="78D3D4D2-D2BC-4C37-8F28-00D6E0720349" ID="1030">"cam"</Font>
			<Dense_Aggregation_restricts_to_Domain ID="1022">"Yes"</Dense_Aggregation_restricts_to_Domain>
			<User_Modifications>
				<Reload_Layout_State ID="1241">"Not Allowed"</Reload_Layout_State>
			</User_Modifications>
			<Save_Layout_State>
				<Store_Entire_Tree_Layout ID="1110">1</Store_Entire_Tree_Layout>
			</Save_Layout_State>
		</General>
		<Row_Area>
			<Text_Color ID="2020">RGB&lt;24,71,159&gt;</Text_Color>
			<Headers>
				<Background_Color ID="2120">RGB&lt;0,0,128&gt;</Background_Color>
				<Text_Color ID="2130">RGB&lt;255,255,255&gt;</Text_Color>
				<Show_Sub_Headers ID="2150">"No"</Show_Sub_Headers>
			</Headers>
			<Grid_Focus_Indicator>
				<Background_Color ID="2270">RGB&lt;0,0,168&gt;</Background_Color>
				<Text_Color ID="2280">RGB&lt;255,255,200&gt;</Text_Color>
			</Grid_Focus_Indicator>
		</Row_Area>
		<Column_Area>
			<Headers>
				<Show_Sub_Headers ID="3150">"No"</Show_Sub_Headers>
			</Headers>
		</Column_Area>
		<Outer_Area>
			<Same_as_Row_Area ID="3505">"No"</Same_as_Row_Area>
			<Background_Color ID="3510">RGB&lt;0,0,128&gt;</Background_Color>
			<Text_Color ID="3520">RGB&lt;255,255,255&gt;</Text_Color>
		</Outer_Area>
		<Grid_Area>
			<Selection>
				<Background_Color ID="5120">RGB&lt;24,71,159&gt;</Background_Color>
			</Selection>
			<Aggregators>
				<Background_Color ID="5220">RGB&lt;255,128,128&gt;</Background_Color>
			</Aggregators>
			<Sub_Header_Row_or_Column>
				<Background_Color ID="5320">RGB&lt;255,255,200&gt;</Background_Color>
			</Sub_Header_Row_or_Column>
		</Grid_Area>
	</PageObject>
	<PageObject Type="Pivot Table">
		<Location top="786" left="684" bottom="918" right="894" />
		<TabOrder>4</TabOrder>
		<ObjectUUID>026D721E-052F-4786-A2E0-E6E15821ED5C</ObjectUUID>
		<Font GUID="00000000-0000-0000-0000-000000000001" Name="Main Font" />
		<Border Style="None" Width="2" MarginTop="1" MarginRight="1" MarginBottom="1" MarginLeft="1" />
		<Contents>
			<Explicit_Identifier>
				<Identifier ID="4110">output_sinter_basicity( sinter_s )</Identifier>
				<Title ID="4120">"Sinter Basicity (Kg/T)"</Title>
				<Format>
					<Decimal_Places ID="4312">2</Decimal_Places>
					<Show_1000_seperator ID="4313">"Yes"</Show_1000_seperator>
					<Alignment ID="4330">"Center"</Alignment>
				</Format>
				<Colors>
					<Text_Color ID="4165">RGB 9f4718</Text_Color>
					<Use_Colors_for_Updatable_Entries_Only ID="4166">0</Use_Colors_for_Updatable_Entries_Only>
				</Colors>
			</Explicit_Identifier>
		</Contents>
		<Indices>
			<Explicit_Index>
				<Index ID="6510">os</Index>
				<Header_Title ID="6530">"Iron Ore Source"</Header_Title>
				<Colors>
					<Text_Color ID="6540">RGB 000000</Text_Color>
				</Colors>
			</Explicit_Index>
			<Identifier_Index>
				<Header_Title ID="6230">""</Header_Title>
				<Colors>
					<Background_Color ID="6242">RGB 9f4718</Background_Color>
					<Text_Color ID="6240">RGB ffffff</Text_Color>
				</Colors>
				<Column_Width ID="6255">st2</Column_Width>
				<Hide_if_Single_Identifier ID="6270">"No"</Hide_if_Single_Identifier>
			</Identifier_Index>
		</Indices>
		<General>
			<Background_Color ID="1010">RGB&lt;255,255,255&gt;</Background_Color>
			<Font ExtraInfo="78D3D4D2-D2BC-4C37-8F28-00D6E0720349" ID="1030">"cam"</Font>
			<Dense_Aggregation_restricts_to_Domain ID="1022">"Yes"</Dense_Aggregation_restricts_to_Domain>
			<User_Modifications>
				<Reload_Layout_State ID="1241">"Not Allowed"</Reload_Layout_State>
			</User_Modifications>
			<Save_Layout_State>
				<Store_Entire_Tree_Layout ID="1110">1</Store_Entire_Tree_Layout>
			</Save_Layout_State>
		</General>
		<Row_Area>
			<Text_Color ID="2020">RGB&lt;24,71,159&gt;</Text_Color>
			<Headers>
				<Background_Color ID="2120">RGB&lt;0,0,128&gt;</Background_Color>
				<Text_Color ID="2130">RGB&lt;255,255,255&gt;</Text_Color>
				<Show_Sub_Headers ID="2150">"No"</Show_Sub_Headers>
			</Headers>
			<Grid_Focus_Indicator>
				<Background_Color ID="2270">RGB&lt;0,0,168&gt;</Background_Color>
				<Text_Color ID="2280">RGB&lt;255,255,200&gt;</Text_Color>
			</Grid_Focus_Indicator>
		</Row_Area>
		<Column_Area>
			<Headers>
				<Show_Sub_Headers ID="3150">"No"</Show_Sub_Headers>
			</Headers>
		</Column_Area>
		<Outer_Area>
			<Same_as_Row_Area ID="3505">"No"</Same_as_Row_Area>
			<Background_Color ID="3510">RGB&lt;0,0,128&gt;</Background_Color>
			<Text_Color ID="3520">RGB&lt;255,255,255&gt;</Text_Color>
		</Outer_Area>
		<Grid_Area>
			<Selection>
				<Background_Color ID="5120">RGB&lt;24,71,159&gt;</Background_Color>
			</Selection>
			<Aggregators>
				<Background_Color ID="5220">RGB&lt;255,128,128&gt;</Background_Color>
			</Aggregators>
			<Sub_Header_Row_or_Column>
				<Background_Color ID="5320">RGB&lt;255,255,200&gt;</Background_Color>
			</Sub_Header_Row_or_Column>
		</Grid_Area>
	</PageObject>
	<PageObject Type="Pivot Table">
		<Location top="492" left="510" bottom="810" right="900" />
		<TabOrder>7</TabOrder>
		<ObjectUUID>DD28C771-A36B-4AC7-B5F7-0C1611EB5B51</ObjectUUID>
		<Font GUID="00000000-0000-0000-0000-000000000001" Name="Main Font" />
		<Border Style="None" Width="2" MarginTop="1" MarginRight="1" MarginBottom="1" MarginLeft="1" />
		<Contents>
			<Explicit_Identifier>
				<Identifier ID="4110">Output_sinter_specs( op1, sinter_s )</Identifier>
				<Title ID="4120">"Sinter Specs %"</Title>
				<Format>
					<Decimal_Places ID="4312">2</Decimal_Places>
					<Show_1000_seperator ID="4313">"Yes"</Show_1000_seperator>
					<Alignment ID="4330">"Center"</Alignment>
				</Format>
				<Colors>
					<Text_Color ID="4165">RGB 9f4718</Text_Color>
					<Use_Colors_for_Updatable_Entries_Only ID="4166">0</Use_Colors_for_Updatable_Entries_Only>
				</Colors>
			</Explicit_Identifier>
		</Contents>
		<Indices>
			<Explicit_Index>
				<Index ID="6510">os</Index>
				<Header_Title ID="6530">"Iron Ore Source"</Header_Title>
				<Colors>
					<Text_Color ID="6540">RGB 000000</Text_Color>
				</Colors>
			</Explicit_Index>
			<Identifier_Index>
				<Header_Title ID="6230">""</Header_Title>
				<Colors>
					<Background_Color ID="6242">RGB 9f4718</Background_Color>
					<Text_Color ID="6240">RGB ffffff</Text_Color>
				</Colors>
				<Column_Width ID="6255">st2</Column_Width>
				<Hide_if_Single_Identifier ID="6270">"No"</Hide_if_Single_Identifier>
			</Identifier_Index>
		</Indices>
		<General>
			<Background_Color ID="1010">RGB&lt;255,255,255&gt;</Background_Color>
			<Font ExtraInfo="78D3D4D2-D2BC-4C37-8F28-00D6E0720349" ID="1030">"cam"</Font>
			<Dense_Aggregation_restricts_to_Domain ID="1022">"Yes"</Dense_Aggregation_restricts_to_Domain>
			<User_Modifications>
				<Reload_Layout_State ID="1241">"Not Allowed"</Reload_Layout_State>
			</User_Modifications>
			<Save_Layout_State>
				<Store_Entire_Tree_Layout ID="1110">1</Store_Entire_Tree_Layout>
			</Save_Layout_State>
		</General>
		<Row_Area>
			<Text_Color ID="2020">RGB&lt;24,71,159&gt;</Text_Color>
			<Headers>
				<Background_Color ID="2120">RGB&lt;0,0,128&gt;</Background_Color>
				<Text_Color ID="2130">RGB&lt;255,255,255&gt;</Text_Color>
				<Show_Sub_Headers ID="2150">"No"</Show_Sub_Headers>
			</Headers>
			<Grid_Focus_Indicator>
				<Background_Color ID="2270">RGB&lt;0,0,168&gt;</Background_Color>
				<Text_Color ID="2280">RGB&lt;255,255,200&gt;</Text_Color>
			</Grid_Focus_Indicator>
		</Row_Area>
		<Column_Area>
			<Headers>
				<Show_Sub_Headers ID="3150">"No"</Show_Sub_Headers>
			</Headers>
		</Column_Area>
		<Outer_Area>
			<Same_as_Row_Area ID="3505">"No"</Same_as_Row_Area>
			<Background_Color ID="3510">RGB&lt;0,0,128&gt;</Background_Color>
			<Text_Color ID="3520">RGB&lt;255,255,255&gt;</Text_Color>
		</Outer_Area>
		<Grid_Area>
			<Selection>
				<Background_Color ID="5120">RGB&lt;24,71,159&gt;</Background_Color>
			</Selection>
			<Aggregators>
				<Background_Color ID="5220">RGB&lt;255,128,128&gt;</Background_Color>
			</Aggregators>
			<Sub_Header_Row_or_Column>
				<Background_Color ID="5320">RGB&lt;255,255,200&gt;</Background_Color>
			</Sub_Header_Row_or_Column>
		</Grid_Area>
	</PageObject>
	<PageObject Type="Text">
		<Location top="834" left="588" bottom="858" right="678" />
		<StaticText>Basicity</StaticText>
		<Font GUID="A538D381-62BA-427B-81ED-173DE9184DE2" Name="cam10" />
		<TextColor RGB="#18479f" />
	</PageObject>
	<PageObject Type="Table">
		<Location top="132" left="714" bottom="162" right="810" />
		<TabOrder>9</TabOrder>
		<Font GUID="A6D7D77D-701C-4A37-BA78-70C3F0497885" Name="headerizom" />
		<Border Style="None" Width="2" />
		<MaxColWidth>20</MaxColWidth>
		<BackgroundColor RGB="#d8e4f9" />
		<RowIndentation>3</RowIndentation>
		<ExplicitIdentifier>
			<Identifier>Sinter_closing_stock( 'sp1' )</Identifier>
			<FirstColumn>1</FirstColumn>
			<HeaderText>""</HeaderText>
			<NumberFormat Width="7" Decimals="0" ThousandSeparator="true" Alignment="Center" />
		</ExplicitIdentifier>
	</PageObject>
	<PageObject Type="Table">
		<Location top="162" left="714" bottom="192" right="810" />
		<TabOrder>8</TabOrder>
		<Font GUID="A6D7D77D-701C-4A37-BA78-70C3F0497885" Name="headerizom" />
		<Border Style="None" Width="2" />
		<MaxColWidth>20</MaxColWidth>
		<BackgroundColor RGB="#12387c" />
		<TextColor RGB="#ffffff" />
		<RowIndentation>3</RowIndentation>
		<ExplicitIdentifier>
			<Identifier>Sinter_closing_stock( 'sp2' )</Identifier>
			<FirstColumn>1</FirstColumn>
			<HeaderText>""</HeaderText>
			<NumberFormat Width="7" Decimals="0" ThousandSeparator="true" Alignment="Center" />
		</ExplicitIdentifier>
	</PageObject>
	<PageObject Type="Table">
		<Location top="132" left="528" bottom="162" right="732" />
		<TabOrder>10</TabOrder>
		<Font GUID="A6D7D77D-701C-4A37-BA78-70C3F0497885" Name="headerizom" />
		<Border Style="None" Width="2" />
		<MaxColWidth>20</MaxColWidth>
		<BackgroundColor RGB="#d8e4f9" />
		<RowIndentation>3</RowIndentation>
		<MultipleCellChanges>false</MultipleCellChanges>
		<ExplicitIdentifier>
			<Identifier>stock_spec_value( 'SP1', 'OpeningStock(Ton)' )</Identifier>
			<FirstColumn>2</FirstColumn>
			<HeaderText>"Sinter Plant 1    "</HeaderText>
			<NumberFormat Width="6" Decimals="0" ThousandSeparator="true" Alignment="Center" />
		</ExplicitIdentifier>
	</PageObject>
	<PageObject Type="Table">
		<Location top="162" left="528" bottom="192" right="732" />
		<TabOrder>2</TabOrder>
		<Font GUID="A6D7D77D-701C-4A37-BA78-70C3F0497885" Name="headerizom" />
		<Border Style="None" Width="2" />
		<MaxColWidth>20</MaxColWidth>
		<BackgroundColor RGB="#12387c" />
		<TextColor RGB="#ffffff" />
		<RowIndentation>3</RowIndentation>
		<MultipleCellChanges>false</MultipleCellChanges>
		<ExplicitIdentifier>
			<Identifier>stock_spec_value( 'SP2', 'OpeningStock(Ton)' )</Identifier>
			<FirstColumn>2</FirstColumn>
			<HeaderText>"Sinter Plant 2    "</HeaderText>
			<NumberFormat Width="6" Decimals="0" ThousandSeparator="true" Alignment="Center" />
		</ExplicitIdentifier>
	</PageObject>
	<PageObject Type="Text">
		<Location top="84" left="642" bottom="138" right="732" />
		<StaticText>Opening Stock (TPD)</StaticText>
		<Alignment>Center</Alignment>
		<Font GUID="A538D381-62BA-427B-81ED-173DE9184DE2" Name="cam10" />
		<TextColor RGB="#18479f" />
	</PageObject>
	<PageObject Type="Text">
		<Location top="84" left="732" bottom="126" right="822" />
		<StaticText>Closing Stock (TPD)</StaticText>
		<Alignment>Center</Alignment>
		<Font GUID="A538D381-62BA-427B-81ED-173DE9184DE2" Name="cam10" />
		<TextColor RGB="#18479f" />
	</PageObject>
	<UsedReferences>
		<Model>
			<Symbol>Sinter_closing_stock</Symbol>
			<Symbol>st2</Symbol>
			<Symbol>st3</Symbol>
			<Symbol>stock_spec_value</Symbol>
			<Symbol>output_sinter_total_production</Symbol>
			<Symbol>output_sinter_cost</Symbol>
			<Symbol>Output_sinter_ore_Ratio_2</Symbol>
			<Symbol>Output_sinter_ore_quantity_2</Symbol>
			<Symbol>Output_sinter_fluxes_2</Symbol>
			<Symbol>output_sinter_ibrm_table</Symbol>
			<Symbol>Output_sinter_specs</Symbol>
			<Symbol>output_sinter_basicity</Symbol>
			<Symbol>sinter_s</Symbol>
			<Symbol>os</Symbol>
			<Symbol>op1</Symbol>
			<Symbol>fs</Symbol>
			<Symbol>ibr</Symbol>
		</Model>
	</UsedReferences>
</Page>
