<?xml version="1.0"?>
<Page Version="4000" TimeStamp="2020-03-21 17:36:45" NeedsCompiledModel="false">
	<PageEditSize Type="Inherited" />
	<ProjectUUID>F686E807-0E49-419F-97D6-5D78B49FEADF</ProjectUUID>
	<TemplatesTabOrderPosition>1</TemplatesTabOrderPosition>
	<Background RGB="#ffffff" />
	<PageObject Type="Picture">
		<Location top="0" left="0" bottom="78" right="276" />
		<FileName LiteralFileName="true">"MainProject\logo.png"</FileName>
		<Display>StretchOrShrink</Display>
		<Center>true</Center>
	</PageObject>
	<PageObject Type="Text">
		<Location top="24" left="186" bottom="66" right="840" />
		<StaticText>How to run the model on multiple scenario</StaticText>
		<Alignment>Center</Alignment>
		<Font GUID="2DAC9622-117B-44C5-B858-5F5723D7A784" Name="cam14" />
		<TextColor RGB="#18479f" />
	</PageObject>
	<PageObject Type="Text">
		<Location top="78" left="18" bottom="108" right="942" />
		<StaticText>Step-1 : - Run the model and click on the data --&gt; save as. Save the scenario with some name</StaticText>
		<Font GUID="A538D381-62BA-427B-81ED-173DE9184DE2" Name="cam10" />
		<TextColor RGB="#000000" />
	</PageObject>
	<PageObject Type="Picture">
		<Location top="90" left="90" bottom="246" right="840" />
		<FileName LiteralFileName="true">"MainProject\im1.png"</FileName>
		<Display>ActualSize</Display>
	</PageObject>
	<PageObject Type="Text">
		<Location top="246" left="12" bottom="588" right="1002" />
		<StaticText>Step-2 : Run the model on multiple scenario and repeat step-1 until all the scenoria are performed

Step-3 : To view all the scenario results on single page

Click on data --&gt; Multiple Cases --&gt; Click on the saved scenario .--&gt; Add to selection  -- &gt; Ok

Step-4: Visit Scenario Analysis tab to view the comparison




















</StaticText>
		<Font GUID="A538D381-62BA-427B-81ED-173DE9184DE2" Name="cam10" />
		<TextColor RGB="#000000" />
	</PageObject>
	<PageObject Type="Picture">
		<Location top="354" left="84" bottom="546" right="786" />
		<FileName LiteralFileName="true">"MainProject\im2.png"</FileName>
		<Display>StretchOrShrink</Display>
	</PageObject>
	<UsedReferences>
		<Model />
	</UsedReferences>
</Page>
