<?xml version="1.0"?>
<Page Version="4000" TimeStamp="2022-02-03 12:26:15">
	<PageEditSize Type="Inherited" />
	<ProjectUUID>F686E807-0E49-419F-97D6-5D78B49FEADF</ProjectUUID>
	<TemplatesTabOrderPosition>1</TemplatesTabOrderPosition>
	<Background RGB="#ffffff" />
	<PageObject Type="Picture">
		<Location top="0" left="0" bottom="78" right="276" />
		<FileName LiteralFileName="true">"MainProject\logo.png"</FileName>
		<Display>StretchOrShrink</Display>
		<Center>true</Center>
	</PageObject>
	<PageObject Type="Text">
		<Location top="24" left="282" bottom="66" right="936" />
		<StaticText>Iron Zone Optimization Summary</StaticText>
		<Alignment>Center</Alignment>
		<Font GUID="2DAC9622-117B-44C5-B858-5F5723D7A784" Name="cam14" />
		<TextColor RGB="#18479f" />
	</PageObject>
	<PageObject Type="Table">
		<Location top="114" left="768" bottom="144" right="864" />
		<TabOrder>41</TabOrder>
		<Font GUID="A6D7D77D-701C-4A37-BA78-70C3F0497885" Name="headerizom" />
		<Border Style="None" Width="2" />
		<MaxColWidth>20</MaxColWidth>
		<BackgroundColor RGB="#d8e4f9" />
		<RowIndentation>3</RowIndentation>
		<ExplicitIdentifier>
			<Identifier>Output_burden_perc_2( 'sp1', 'bf2' )</Identifier>
			<FirstColumn>2</FirstColumn>
			<HeaderText>""</HeaderText>
			<NumberFormat Width="7" Decimals="3" />
		</ExplicitIdentifier>
	</PageObject>
	<PageObject Type="Table">
		<Location top="144" left="768" bottom="174" right="864" />
		<TabOrder>5</TabOrder>
		<Font GUID="A6D7D77D-701C-4A37-BA78-70C3F0497885" Name="headerizom" />
		<Border Style="None" Width="2" />
		<MaxColWidth>20</MaxColWidth>
		<BackgroundColor RGB="#12387c" />
		<TextColor RGB="#ffffff" />
		<RowIndentation>3</RowIndentation>
		<ExplicitIdentifier>
			<Identifier>Output_burden_perc_2( 'sp2', 'bf2' )</Identifier>
			<FirstColumn>2</FirstColumn>
			<HeaderText>""</HeaderText>
			<NumberFormat Width="5" Decimals="1" Alignment="Center" />
		</ExplicitIdentifier>
	</PageObject>
	<PageObject Type="Text">
		<Location top="60" left="504" bottom="90" right="852" />
		<StaticText>Burden Mix %</StaticText>
		<Alignment>Center</Alignment>
		<Font GUID="2DAC9622-117B-44C5-B858-5F5723D7A784" Name="cam14" />
		<TextColor RGB="#18479f" />
	</PageObject>
	<PageObject Type="Table">
		<Location top="114" left="516" bottom="144" right="786" />
		<TabOrder>37</TabOrder>
		<Font GUID="A6D7D77D-701C-4A37-BA78-70C3F0497885" Name="headerizom" />
		<Border Style="None" Width="2" />
		<MaxColWidth>20</MaxColWidth>
		<BackgroundColor RGB="#d8e4f9" />
		<RowIndentation>3</RowIndentation>
		<ExplicitIdentifier>
			<Identifier>Output_burden_perc_2( 'sp1', 'bf1' )</Identifier>
			<FirstColumn>2</FirstColumn>
			<HeaderText>"Sinter Plant 1 %               "</HeaderText>
			<NumberFormat Width="5" Decimals="1" Alignment="Center" />
		</ExplicitIdentifier>
	</PageObject>
	<PageObject Type="Table">
		<Location top="144" left="516" bottom="174" right="786" />
		<TabOrder>10</TabOrder>
		<Font GUID="A6D7D77D-701C-4A37-BA78-70C3F0497885" Name="headerizom" />
		<Border Style="None" Width="2" />
		<MaxColWidth>20</MaxColWidth>
		<BackgroundColor RGB="#12387c" />
		<TextColor RGB="#ffffff" />
		<RowIndentation>3</RowIndentation>
		<MultipleCellChanges>false</MultipleCellChanges>
		<ExplicitIdentifier>
			<Identifier>Output_burden_perc_2( 'sp2', 'bf1' )</Identifier>
			<FirstColumn>2</FirstColumn>
			<HeaderText>"Sinter Plant 2 %               "</HeaderText>
			<NumberFormat Width="7" Decimals="3" Alignment="Center" />
		</ExplicitIdentifier>
	</PageObject>
	<PageObject Type="Table">
		<Location top="174" left="768" bottom="204" right="864" />
		<TabOrder>36</TabOrder>
		<Font GUID="A6D7D77D-701C-4A37-BA78-70C3F0497885" Name="headerizom" />
		<Border Style="None" Width="2" />
		<MaxColWidth>20</MaxColWidth>
		<BackgroundColor RGB="#d8e4f9" />
		<RowIndentation>3</RowIndentation>
		<ExplicitIdentifier>
			<Identifier>Output_burden_perc_2( 'pp1', 'bf2' )</Identifier>
			<FirstColumn>2</FirstColumn>
			<HeaderText>""</HeaderText>
			<NumberFormat Width="7" Decimals="3" />
		</ExplicitIdentifier>
	</PageObject>
	<PageObject Type="Table">
		<Location top="204" left="768" bottom="234" right="864" />
		<TabOrder>13</TabOrder>
		<Font GUID="A6D7D77D-701C-4A37-BA78-70C3F0497885" Name="headerizom" />
		<Border Style="None" Width="2" />
		<MaxColWidth>20</MaxColWidth>
		<BackgroundColor RGB="#12387c" />
		<TextColor RGB="#ffffff" />
		<RowIndentation>3</RowIndentation>
		<ExplicitIdentifier>
			<Identifier>Output_burden_perc_2( 'pp2', 'bf2' )</Identifier>
			<FirstColumn>2</FirstColumn>
			<HeaderText>""</HeaderText>
			<NumberFormat Width="5" Decimals="1" Alignment="Center" />
		</ExplicitIdentifier>
	</PageObject>
	<PageObject Type="Table">
		<Location top="174" left="516" bottom="204" right="786" />
		<TabOrder>33</TabOrder>
		<Font GUID="A6D7D77D-701C-4A37-BA78-70C3F0497885" Name="headerizom" />
		<Border Style="None" Width="2" />
		<MaxColWidth>20</MaxColWidth>
		<BackgroundColor RGB="#d8e4f9" />
		<RowIndentation>3</RowIndentation>
		<ExplicitIdentifier>
			<Identifier>Output_burden_perc_2( 'pp1', 'bf1' )</Identifier>
			<FirstColumn>2</FirstColumn>
			<HeaderText>"Pellet Plant 1 %                 "</HeaderText>
			<NumberFormat Width="5" Decimals="1" Alignment="Center" />
		</ExplicitIdentifier>
	</PageObject>
	<PageObject Type="Table">
		<Location top="204" left="516" bottom="234" right="786" />
		<TabOrder>15</TabOrder>
		<Font GUID="A6D7D77D-701C-4A37-BA78-70C3F0497885" Name="headerizom" />
		<Border Style="None" Width="2" />
		<MaxColWidth>20</MaxColWidth>
		<BackgroundColor RGB="#12387c" />
		<TextColor RGB="#ffffff" />
		<RowIndentation>3</RowIndentation>
		<ExplicitIdentifier>
			<Identifier>Output_burden_perc_2( 'pp2', 'bf1' )</Identifier>
			<FirstColumn>2</FirstColumn>
			<HeaderText>"Pellet Plant 2 %                 "</HeaderText>
			<NumberFormat Width="7" Decimals="1" Alignment="Right" />
		</ExplicitIdentifier>
	</PageObject>
	<PageObject Type="Table">
		<Location top="234" left="768" bottom="264" right="864" />
		<TabOrder>32</TabOrder>
		<Font GUID="A6D7D77D-701C-4A37-BA78-70C3F0497885" Name="headerizom" />
		<Border Style="None" Width="2" />
		<MaxColWidth>20</MaxColWidth>
		<BackgroundColor RGB="#d8e4f9" />
		<RowIndentation>3</RowIndentation>
		<ExplicitIdentifier>
			<Identifier>Output_burden_perc_2( 'ore', 'bf2' )</Identifier>
			<FirstColumn>2</FirstColumn>
			<HeaderText>""</HeaderText>
			<NumberFormat Width="7" Decimals="1" Alignment="Right" />
		</ExplicitIdentifier>
	</PageObject>
	<PageObject Type="Table">
		<Location top="234" left="516" bottom="264" right="786" />
		<TabOrder>31</TabOrder>
		<Font GUID="A6D7D77D-701C-4A37-BA78-70C3F0497885" Name="headerizom" />
		<Border Style="None" Width="2" />
		<MaxColWidth>20</MaxColWidth>
		<BackgroundColor RGB="#d8e4f9" />
		<RowIndentation>3</RowIndentation>
		<ExplicitIdentifier>
			<Identifier>Output_burden_perc_2( 'ore', 'bf1' )</Identifier>
			<FirstColumn>2</FirstColumn>
			<HeaderText>"Ore %                                 "</HeaderText>
			<NumberFormat Width="5" Decimals="1" Alignment="Right" />
		</ExplicitIdentifier>
	</PageObject>
	<PageObject Type="Text">
		<Location top="90" left="720" bottom="114" right="780" />
		<StaticText>BF 1</StaticText>
		<Alignment>Center</Alignment>
		<Font GUID="2DAC9622-117B-44C5-B858-5F5723D7A784" Name="cam14" />
		<TextColor RGB="#18479f" />
	</PageObject>
	<PageObject Type="Text">
		<Location top="90" left="792" bottom="114" right="852" />
		<StaticText>BF 2</StaticText>
		<Alignment>Center</Alignment>
		<Font GUID="2DAC9622-117B-44C5-B858-5F5723D7A784" Name="cam14" />
		<TextColor RGB="#18479f" />
	</PageObject>
	<PageObject Type="Table">
		<Location top="288" left="768" bottom="318" right="864" />
		<TabOrder>16</TabOrder>
		<Font GUID="A6D7D77D-701C-4A37-BA78-70C3F0497885" Name="headerizom" />
		<Border Style="None" Width="2" />
		<MaxColWidth>20</MaxColWidth>
		<BackgroundColor RGB="#12387c" />
		<TextColor RGB="#ffffff" />
		<RowIndentation>3</RowIndentation>
		<ExplicitIdentifier>
			<Identifier>output_coke_fuel_rate( 'bf2' )</Identifier>
			<FirstColumn>1</FirstColumn>
			<HeaderText>""</HeaderText>
			<NumberFormat Width="5" Decimals="1" Alignment="Center" />
		</ExplicitIdentifier>
	</PageObject>
	<PageObject Type="Table">
		<Location top="288" left="516" bottom="318" right="786" />
		<TabOrder>14</TabOrder>
		<Font GUID="A6D7D77D-701C-4A37-BA78-70C3F0497885" Name="headerizom" />
		<Border Style="None" Width="2" />
		<MaxColWidth>20</MaxColWidth>
		<BackgroundColor RGB="#12387c" />
		<TextColor RGB="#ffffff" />
		<RowIndentation>3</RowIndentation>
		<ExplicitIdentifier>
			<Identifier>output_coke_fuel_rate( 'bf1' )</Identifier>
			<FirstColumn>1</FirstColumn>
			<HeaderText>"Coke Fuel Rate (Kg/THM)"</HeaderText>
			<NumberFormat Width="7" Decimals="2" Alignment="Right" />
		</ExplicitIdentifier>
	</PageObject>
	<PageObject Type="Table">
		<Location top="318" left="768" bottom="348" right="864" />
		<TabOrder>34</TabOrder>
		<Font GUID="A6D7D77D-701C-4A37-BA78-70C3F0497885" Name="headerizom" />
		<Border Style="None" Width="2" />
		<MaxColWidth>20</MaxColWidth>
		<BackgroundColor RGB="#d8e4f9" />
		<RowIndentation>3</RowIndentation>
		<ExplicitIdentifier>
			<Identifier>output_pci_coal_used_2( 'bf2' )</Identifier>
			<FirstColumn>1</FirstColumn>
			<HeaderText>""</HeaderText>
			<NumberFormat Width="7" Decimals="1" Alignment="Right" />
		</ExplicitIdentifier>
	</PageObject>
	<PageObject Type="Table">
		<Location top="318" left="516" bottom="348" right="786" />
		<TabOrder>35</TabOrder>
		<Font GUID="A6D7D77D-701C-4A37-BA78-70C3F0497885" Name="headerizom" />
		<Border Style="None" Width="2" />
		<MaxColWidth>20</MaxColWidth>
		<BackgroundColor RGB="#d8e4f9" />
		<RowIndentation>3</RowIndentation>
		<ExplicitIdentifier>
			<Identifier>output_pci_coal_used_2( 'bf1' )</Identifier>
			<FirstColumn>1</FirstColumn>
			<HeaderText>"PCI Coal Rate (Kg/THM)  "</HeaderText>
			<NumberFormat Width="5" Decimals="1" Alignment="Center" />
		</ExplicitIdentifier>
	</PageObject>
	<PageObject Type="Table">
		<Location top="408" left="768" bottom="438" right="864" />
		<TabOrder>12</TabOrder>
		<Font GUID="A6D7D77D-701C-4A37-BA78-70C3F0497885" Name="headerizom" />
		<Border Style="None" Width="2" />
		<MaxColWidth>20</MaxColWidth>
		<BackgroundColor RGB="#12387c" />
		<TextColor RGB="#ffffff" />
		<RowIndentation>3</RowIndentation>
		<ExplicitIdentifier>
			<Identifier>output_slag_rate( 'bf2' )</Identifier>
			<FirstColumn>1</FirstColumn>
			<HeaderText>""</HeaderText>
			<NumberFormat Width="5" Decimals="1" Alignment="Center" />
		</ExplicitIdentifier>
	</PageObject>
	<PageObject Type="Table">
		<Location top="408" left="516" bottom="438" right="786" />
		<TabOrder>9</TabOrder>
		<Font GUID="A6D7D77D-701C-4A37-BA78-70C3F0497885" Name="headerizom" />
		<Border Style="None" Width="2" />
		<MaxColWidth>20</MaxColWidth>
		<BackgroundColor RGB="#12387c" />
		<TextColor RGB="#ffffff" />
		<RowIndentation>3</RowIndentation>
		<ExplicitIdentifier>
			<Identifier>output_slag_rate( 'bf1' )</Identifier>
			<FirstColumn>1</FirstColumn>
			<HeaderText>"Slag Rate (Kg/THM)          "</HeaderText>
			<NumberFormat Width="7" Decimals="2" Alignment="Right" />
		</ExplicitIdentifier>
	</PageObject>
	<PageObject Type="Table">
		<Location top="378" left="768" bottom="408" right="864" />
		<TabOrder>38</TabOrder>
		<Font GUID="A6D7D77D-701C-4A37-BA78-70C3F0497885" Name="headerizom" />
		<Border Style="None" Width="2" />
		<MaxColWidth>20</MaxColWidth>
		<BackgroundColor RGB="#d8e4f9" />
		<RowIndentation>3</RowIndentation>
		<ExplicitIdentifier>
			<Identifier>Output_burden_total_2( 'bf2' )</Identifier>
			<FirstColumn>1</FirstColumn>
			<HeaderText>""</HeaderText>
			<NumberFormat Width="7" Decimals="3" Alignment="Center" />
		</ExplicitIdentifier>
	</PageObject>
	<PageObject Type="Table">
		<Location top="378" left="516" bottom="408" right="786" />
		<TabOrder>39</TabOrder>
		<Font GUID="A6D7D77D-701C-4A37-BA78-70C3F0497885" Name="headerizom" />
		<Border Style="None" Width="2" />
		<MaxColWidth>20</MaxColWidth>
		<BackgroundColor RGB="#d8e4f9" />
		<RowIndentation>3</RowIndentation>
		<ExplicitIdentifier>
			<Identifier>Output_burden_total_2( 'bf1' )</Identifier>
			<FirstColumn>1</FirstColumn>
			<HeaderText>"IBRM (T)                           "</HeaderText>
			<NumberFormat Width="5" Decimals="3" Alignment="Center" />
		</ExplicitIdentifier>
	</PageObject>
	<PageObject Type="Table">
		<Location top="114" left="234" bottom="144" right="330" />
		<TabOrder>40</TabOrder>
		<Font GUID="A6D7D77D-701C-4A37-BA78-70C3F0497885" Name="headerizom" />
		<Border Style="None" Width="2" />
		<MaxColWidth>20</MaxColWidth>
		<BackgroundColor RGB="#d8e4f9" />
		<RowIndentation>3</RowIndentation>
		<ExplicitIdentifier>
			<Identifier>Output_hm_cost_bf1</Identifier>
			<FirstColumn>0</FirstColumn>
			<HeaderText>""</HeaderText>
			<NumberFormat Width="7" Decimals="0" ThousandSeparator="true" Alignment="Center" />
		</ExplicitIdentifier>
	</PageObject>
	<PageObject Type="Table">
		<Location top="144" left="234" bottom="174" right="330" />
		<TabOrder>4</TabOrder>
		<Font GUID="A6D7D77D-701C-4A37-BA78-70C3F0497885" Name="headerizom" />
		<Border Style="None" Width="2" />
		<MaxColWidth>20</MaxColWidth>
		<BackgroundColor RGB="#12387c" />
		<TextColor RGB="#ffffff" />
		<RowIndentation>3</RowIndentation>
		<ExplicitIdentifier>
			<Identifier>Output_hm_cost_bf2</Identifier>
			<FirstColumn>0</FirstColumn>
			<HeaderText>""</HeaderText>
			<NumberFormat Width="7" Decimals="0" ThousandSeparator="true" Alignment="Center" />
		</ExplicitIdentifier>
	</PageObject>
	<PageObject Type="Table">
		<Location top="114" left="48" bottom="144" right="252" />
		<TabOrder>42</TabOrder>
		<Font GUID="A6D7D77D-701C-4A37-BA78-70C3F0497885" Name="headerizom" />
		<Border Style="None" Width="2" />
		<MaxColWidth>20</MaxColWidth>
		<BackgroundColor RGB="#d8e4f9" />
		<RowIndentation>3</RowIndentation>
		<ExplicitIdentifier>
			<Identifier>Output_hm_produced_bf1</Identifier>
			<FirstColumn>0</FirstColumn>
			<HeaderText>"Hot Metal - BF1"</HeaderText>
			<NumberFormat Width="6" Decimals="0" ThousandSeparator="true" Alignment="Center" />
		</ExplicitIdentifier>
	</PageObject>
	<PageObject Type="Table">
		<Location top="144" left="48" bottom="174" right="252" />
		<TabOrder>3</TabOrder>
		<Font GUID="A6D7D77D-701C-4A37-BA78-70C3F0497885" Name="headerizom" />
		<Border Style="None" Width="2" />
		<MaxColWidth>20</MaxColWidth>
		<BackgroundColor RGB="#12387c" />
		<TextColor RGB="#ffffff" />
		<RowIndentation>3</RowIndentation>
		<ExplicitIdentifier>
			<Identifier>Output_hm_produced_bf2</Identifier>
			<FirstColumn>0</FirstColumn>
			<HeaderText>"Hot Metal - BF2"</HeaderText>
			<NumberFormat Width="6" Decimals="0" ThousandSeparator="true" Alignment="Center" />
		</ExplicitIdentifier>
	</PageObject>
	<PageObject Type="Table">
		<Location top="174" left="234" bottom="204" right="330" />
		<TabOrder>47</TabOrder>
		<Font GUID="A6D7D77D-701C-4A37-BA78-70C3F0497885" Name="headerizom" />
		<Border Style="None" Width="2" />
		<MaxColWidth>20</MaxColWidth>
		<BackgroundColor RGB="#d8e4f9" />
		<RowIndentation>3</RowIndentation>
		<ExplicitIdentifier>
			<Identifier>output_sinter_cost( 'sp1' )</Identifier>
			<FirstColumn>1</FirstColumn>
			<HeaderText>""</HeaderText>
			<NumberFormat Width="7" Decimals="0" ThousandSeparator="true" Alignment="Center" />
		</ExplicitIdentifier>
	</PageObject>
	<PageObject Type="Table">
		<Location top="204" left="234" bottom="234" right="330" />
		<TabOrder>30</TabOrder>
		<Font GUID="A6D7D77D-701C-4A37-BA78-70C3F0497885" Name="headerizom" />
		<Border Style="None" Width="2" />
		<MaxColWidth>20</MaxColWidth>
		<BackgroundColor RGB="#12387c" />
		<TextColor RGB="#ffffff" />
		<RowIndentation>3</RowIndentation>
		<ExplicitIdentifier>
			<Identifier>output_sinter_cost( 'sp2' )</Identifier>
			<FirstColumn>1</FirstColumn>
			<HeaderText>""</HeaderText>
			<NumberFormat Width="7" Decimals="0" ThousandSeparator="true" Alignment="Center" />
		</ExplicitIdentifier>
	</PageObject>
	<PageObject Type="Table">
		<Location top="174" left="48" bottom="204" right="252" />
		<TabOrder>60</TabOrder>
		<Font GUID="A6D7D77D-701C-4A37-BA78-70C3F0497885" Name="headerizom" />
		<Border Style="None" Width="2" />
		<MaxColWidth>20</MaxColWidth>
		<BackgroundColor RGB="#d8e4f9" />
		<RowIndentation>3</RowIndentation>
		<ExplicitIdentifier>
			<Identifier>output_sinter_total_production( 'sp1' )</Identifier>
			<FirstColumn>1</FirstColumn>
			<HeaderText>"Sinter Plant 1    "</HeaderText>
			<NumberFormat Width="6" Decimals="0" ThousandSeparator="true" Alignment="Center" />
		</ExplicitIdentifier>
	</PageObject>
	<PageObject Type="Table">
		<Location top="204" left="48" bottom="234" right="252" />
		<TabOrder>17</TabOrder>
		<Font GUID="A6D7D77D-701C-4A37-BA78-70C3F0497885" Name="headerizom" />
		<Border Style="None" Width="2" />
		<MaxColWidth>20</MaxColWidth>
		<BackgroundColor RGB="#12387c" />
		<TextColor RGB="#ffffff" />
		<RowIndentation>3</RowIndentation>
		<ExplicitIdentifier>
			<Identifier>output_sinter_total_production( 'sp2' )</Identifier>
			<FirstColumn>1</FirstColumn>
			<HeaderText>"Sinter Plant 2    "</HeaderText>
			<NumberFormat Width="6" Decimals="0" ThousandSeparator="true" Alignment="Center" />
		</ExplicitIdentifier>
	</PageObject>
	<PageObject Type="Text">
		<Location top="72" left="168" bottom="126" right="258" />
		<StaticText>Production
(TPD)</StaticText>
		<Alignment>Center</Alignment>
		<Font GUID="A538D381-62BA-427B-81ED-173DE9184DE2" Name="cam10" />
		<TextColor RGB="#18479f" />
	</PageObject>
	<PageObject Type="Text">
		<Location top="72" left="252" bottom="114" right="330" />
		<StaticText>Cost
(Rs/T)</StaticText>
		<Alignment>Center</Alignment>
		<Font GUID="A538D381-62BA-427B-81ED-173DE9184DE2" Name="cam10" />
		<TextColor RGB="#18479f" />
	</PageObject>
	<PageObject Type="Table">
		<Location top="234" left="234" bottom="264" right="330" />
		<TabOrder>48</TabOrder>
		<Font GUID="A6D7D77D-701C-4A37-BA78-70C3F0497885" Name="headerizom" />
		<Border Style="None" Width="2" />
		<MaxColWidth>20</MaxColWidth>
		<BackgroundColor RGB="#d8e4f9" />
		<RowIndentation>3</RowIndentation>
		<ExplicitIdentifier>
			<Identifier>Output_pellet_cost( 'SIP Pellet', 'pp1' )</Identifier>
			<FirstColumn>2</FirstColumn>
			<HeaderText>""</HeaderText>
			<NumberFormat Width="7" Decimals="0" ThousandSeparator="true" Alignment="Center" />
		</ExplicitIdentifier>
	</PageObject>
	<PageObject Type="Table">
		<Location top="264" left="234" bottom="294" right="330" />
		<TabOrder>6</TabOrder>
		<Font GUID="A6D7D77D-701C-4A37-BA78-70C3F0497885" Name="headerizom" />
		<Border Style="None" Width="2" />
		<MaxColWidth>20</MaxColWidth>
		<BackgroundColor RGB="#12387c" />
		<TextColor RGB="#ffffff" />
		<RowIndentation>3</RowIndentation>
		<ExplicitIdentifier>
			<Identifier>Output_pellet_cost( 'BF Pellet', 'pp2' )</Identifier>
			<FirstColumn>2</FirstColumn>
			<HeaderText>""</HeaderText>
			<NumberFormat Width="7" Decimals="0" ThousandSeparator="true" Alignment="Center" />
		</ExplicitIdentifier>
	</PageObject>
	<PageObject Type="Table">
		<Location top="234" left="48" bottom="264" right="252" />
		<TabOrder>43</TabOrder>
		<Font GUID="A6D7D77D-701C-4A37-BA78-70C3F0497885" Name="headerizom" />
		<Border Style="None" Width="2" />
		<MaxColWidth>20</MaxColWidth>
		<BackgroundColor RGB="#d8e4f9" />
		<RowIndentation>3</RowIndentation>
		<ExplicitIdentifier>
			<Identifier>output_pellet_production_2( 'SIP Pellet', 'pp1' )</Identifier>
			<FirstColumn>2</FirstColumn>
			<HeaderText>"Pellet Plant 1      "</HeaderText>
			<NumberFormat Width="6" Decimals="0" ThousandSeparator="true" Alignment="Center" />
		</ExplicitIdentifier>
	</PageObject>
	<PageObject Type="Table">
		<Location top="264" left="48" bottom="294" right="252" />
		<TabOrder>2</TabOrder>
		<Font GUID="A6D7D77D-701C-4A37-BA78-70C3F0497885" Name="headerizom" />
		<Border Style="None" Width="2" />
		<MaxColWidth>20</MaxColWidth>
		<BackgroundColor RGB="#12387c" />
		<TextColor RGB="#ffffff" />
		<RowIndentation>3</RowIndentation>
		<ExplicitIdentifier>
			<Identifier>output_pellet_production_2( 'BF Pellet', 'pp2' )</Identifier>
			<FirstColumn>2</FirstColumn>
			<HeaderText>"Pellet Plant 2      "</HeaderText>
			<NumberFormat Width="6" Decimals="0" ThousandSeparator="true" Alignment="Center" />
		</ExplicitIdentifier>
	</PageObject>
	<PageObject Type="Table">
		<Location top="576" left="252" bottom="606" right="348" />
		<TabOrder>59</TabOrder>
		<Font GUID="A6D7D77D-701C-4A37-BA78-70C3F0497885" Name="headerizom" />
		<Border Style="None" Width="2" />
		<MaxColWidth>20</MaxColWidth>
		<BackgroundColor RGB="#d8e4f9" />
		<RowIndentation>3</RowIndentation>
		<MultipleCellChanges>false</MultipleCellChanges>
		<ExplicitIdentifier>
			<Identifier>Output_pellet_specs( 'SIP Pellet', 'CaO%', 'pp1' )</Identifier>
			<FirstColumn>3</FirstColumn>
			<HeaderText>""</HeaderText>
			<NumberFormat Width="7" Decimals="3" ThousandSeparator="true" Alignment="Center" />
		</ExplicitIdentifier>
	</PageObject>
	<PageObject Type="Table">
		<Location top="576" left="72" bottom="606" right="270" />
		<TabOrder>45</TabOrder>
		<Font GUID="A6D7D77D-701C-4A37-BA78-70C3F0497885" Name="headerizom" />
		<Border Style="None" Width="2" />
		<MaxColWidth>20</MaxColWidth>
		<BackgroundColor RGB="#d8e4f9" />
		<RowIndentation>3</RowIndentation>
		<MultipleCellChanges>false</MultipleCellChanges>
		<ExplicitIdentifier>
			<Identifier>Output_pellet_specs( 'SIP Pellet', 'Fe%', 'pp1' )</Identifier>
			<Permutation>[1,2,0]</Permutation>
			<FirstColumn>3</FirstColumn>
			<HeaderText>"Pellet Plant 1      "</HeaderText>
			<NumberFormat Width="6" Decimals="2" ThousandSeparator="true" Alignment="Center" />
		</ExplicitIdentifier>
	</PageObject>
	<PageObject Type="Text">
		<Location top="480" left="198" bottom="510" right="270" />
		<StaticText>Fe %</StaticText>
		<Alignment>Center</Alignment>
		<Font GUID="2DAC9622-117B-44C5-B858-5F5723D7A784" Name="cam14" />
		<TextColor RGB="#18479f" />
	</PageObject>
	<PageObject Type="Text">
		<Location top="480" left="276" bottom="510" right="348" />
		<StaticText>CaO %</StaticText>
		<Alignment>Center</Alignment>
		<Font GUID="2DAC9622-117B-44C5-B858-5F5723D7A784" Name="cam14" />
		<TextColor RGB="#18479f" />
	</PageObject>
	<PageObject Type="Table">
		<Location top="576" left="348" bottom="606" right="444" />
		<TabOrder>51</TabOrder>
		<Font GUID="A6D7D77D-701C-4A37-BA78-70C3F0497885" Name="headerizom" />
		<Border Style="None" Width="2" />
		<MaxColWidth>20</MaxColWidth>
		<BackgroundColor RGB="#d8e4f9" />
		<RowIndentation>3</RowIndentation>
		<MultipleCellChanges>false</MultipleCellChanges>
		<ExplicitIdentifier>
			<Identifier>Output_pellet_specs( 'SIP Pellet', 'SiO2%', 'pp1' )</Identifier>
			<FirstColumn>3</FirstColumn>
			<HeaderText>""</HeaderText>
			<NumberFormat Width="7" Decimals="3" ThousandSeparator="true" Alignment="Center" />
		</ExplicitIdentifier>
	</PageObject>
	<PageObject Type="Text">
		<Location top="480" left="366" bottom="510" right="438" />
		<StaticText>SiO2 %</StaticText>
		<Alignment>Center</Alignment>
		<Font GUID="2DAC9622-117B-44C5-B858-5F5723D7A784" Name="cam14" />
		<TextColor RGB="#18479f" />
	</PageObject>
	<PageObject Type="Table">
		<Location top="576" left="444" bottom="606" right="540" />
		<TabOrder>54</TabOrder>
		<Font GUID="A6D7D77D-701C-4A37-BA78-70C3F0497885" Name="headerizom" />
		<Border Style="None" Width="2" />
		<MaxColWidth>20</MaxColWidth>
		<BackgroundColor RGB="#d8e4f9" />
		<RowIndentation>3</RowIndentation>
		<MultipleCellChanges>false</MultipleCellChanges>
		<ExplicitIdentifier>
			<Identifier>Output_pellet_specs( 'SIP Pellet', 'Al2O3%', 'pp1' )</Identifier>
			<FirstColumn>3</FirstColumn>
			<HeaderText>""</HeaderText>
			<NumberFormat Width="7" Decimals="3" ThousandSeparator="true" Alignment="Center" />
		</ExplicitIdentifier>
	</PageObject>
	<PageObject Type="Text">
		<Location top="480" left="456" bottom="510" right="528" />
		<StaticText>Al2O3 %</StaticText>
		<Alignment>Center</Alignment>
		<Font GUID="2DAC9622-117B-44C5-B858-5F5723D7A784" Name="cam14" />
		<TextColor RGB="#18479f" />
	</PageObject>
	<PageObject Type="Table">
		<Location top="576" left="540" bottom="606" right="636" />
		<TabOrder>56</TabOrder>
		<Font GUID="A6D7D77D-701C-4A37-BA78-70C3F0497885" Name="headerizom" />
		<Border Style="None" Width="2" />
		<MaxColWidth>20</MaxColWidth>
		<BackgroundColor RGB="#d8e4f9" />
		<RowIndentation>3</RowIndentation>
		<MultipleCellChanges>false</MultipleCellChanges>
		<ExplicitIdentifier>
			<Identifier>Output_pellet_specs( 'SIP Pellet', 'MgO%', 'pp1' )</Identifier>
			<FirstColumn>3</FirstColumn>
			<HeaderText>""</HeaderText>
			<NumberFormat Width="7" Decimals="3" ThousandSeparator="true" Alignment="Center" />
		</ExplicitIdentifier>
	</PageObject>
	<PageObject Type="Text">
		<Location top="480" left="558" bottom="510" right="630" />
		<StaticText>MgO %</StaticText>
		<Alignment>Center</Alignment>
		<Font GUID="2DAC9622-117B-44C5-B858-5F5723D7A784" Name="cam14" />
		<TextColor RGB="#18479f" />
	</PageObject>
	<PageObject Type="Table">
		<Location top="576" left="636" bottom="606" right="732" />
		<TabOrder>53</TabOrder>
		<Font GUID="A6D7D77D-701C-4A37-BA78-70C3F0497885" Name="headerizom" />
		<Border Style="None" Width="2" />
		<MaxColWidth>20</MaxColWidth>
		<BackgroundColor RGB="#d8e4f9" />
		<RowIndentation>3</RowIndentation>
		<ExplicitIdentifier>
			<Identifier>Output_pellet_specs( 'SIP Pellet', 'MnO%', 'pp1' )</Identifier>
			<FirstColumn>3</FirstColumn>
			<HeaderText>""</HeaderText>
			<NumberFormat Width="7" Decimals="3" ThousandSeparator="true" Alignment="Center" />
		</ExplicitIdentifier>
	</PageObject>
	<PageObject Type="Text">
		<Location top="480" left="648" bottom="510" right="720" />
		<StaticText>MnO %</StaticText>
		<Alignment>Center</Alignment>
		<Font GUID="2DAC9622-117B-44C5-B858-5F5723D7A784" Name="cam14" />
		<TextColor RGB="#18479f" />
	</PageObject>
	<PageObject Type="Text">
		<Location top="438" left="66" bottom="474" right="222" />
		<StaticText>Specs %</StaticText>
		<Alignment>Center</Alignment>
		<Font GUID="2DAC9622-117B-44C5-B858-5F5723D7A784" Name="cam14" />
		<TextColor RGB="#18479f" />
	</PageObject>
	<PageObject Type="Table">
		<Location top="516" left="252" bottom="546" right="348" />
		<TabOrder>58</TabOrder>
		<Font GUID="A6D7D77D-701C-4A37-BA78-70C3F0497885" Name="headerizom" />
		<Border Style="None" Width="2" />
		<MaxColWidth>20</MaxColWidth>
		<BackgroundColor RGB="#d8e4f9" />
		<RowIndentation>3</RowIndentation>
		<ExplicitIdentifier>
			<Identifier>Output_sinter_specs( 'CaO%', 'sp1' )</Identifier>
			<FirstColumn>2</FirstColumn>
			<HeaderText>""</HeaderText>
			<NumberFormat Width="7" Decimals="3" ThousandSeparator="true" Alignment="Center" />
		</ExplicitIdentifier>
	</PageObject>
	<PageObject Type="Table">
		<Location top="516" left="72" bottom="546" right="270" />
		<TabOrder>46</TabOrder>
		<Font GUID="A6D7D77D-701C-4A37-BA78-70C3F0497885" Name="headerizom" />
		<Border Style="None" Width="2" />
		<MaxColWidth>20</MaxColWidth>
		<BackgroundColor RGB="#d8e4f9" />
		<RowIndentation>3</RowIndentation>
		<ExplicitIdentifier>
			<Identifier>Output_sinter_specs( 'Fe%', 'sp1' )</Identifier>
			<FirstColumn>2</FirstColumn>
			<HeaderText>"Sinter Plant 1    "</HeaderText>
			<NumberFormat Width="6" Decimals="2" ThousandSeparator="true" Alignment="Center" />
		</ExplicitIdentifier>
	</PageObject>
	<PageObject Type="Table">
		<Location top="516" left="348" bottom="546" right="444" />
		<TabOrder>50</TabOrder>
		<Font GUID="A6D7D77D-701C-4A37-BA78-70C3F0497885" Name="headerizom" />
		<Border Style="None" Width="2" />
		<MaxColWidth>20</MaxColWidth>
		<BackgroundColor RGB="#d8e4f9" />
		<RowIndentation>3</RowIndentation>
		<ExplicitIdentifier>
			<Identifier>Output_sinter_specs( 'SiO2%', 'sp1' )</Identifier>
			<FirstColumn>2</FirstColumn>
			<HeaderText>""</HeaderText>
			<NumberFormat Width="7" Decimals="3" ThousandSeparator="true" Alignment="Center" />
		</ExplicitIdentifier>
	</PageObject>
	<PageObject Type="Table">
		<Location top="516" left="444" bottom="546" right="540" />
		<TabOrder>55</TabOrder>
		<Font GUID="A6D7D77D-701C-4A37-BA78-70C3F0497885" Name="headerizom" />
		<Border Style="None" Width="2" />
		<MaxColWidth>20</MaxColWidth>
		<BackgroundColor RGB="#d8e4f9" />
		<RowIndentation>3</RowIndentation>
		<ExplicitIdentifier>
			<Identifier>Output_sinter_specs( 'Al2O3%', 'sp1' )</Identifier>
			<FirstColumn>2</FirstColumn>
			<HeaderText>""</HeaderText>
			<NumberFormat Width="7" Decimals="3" ThousandSeparator="true" Alignment="Center" />
		</ExplicitIdentifier>
	</PageObject>
	<PageObject Type="Table">
		<Location top="516" left="540" bottom="546" right="636" />
		<TabOrder>57</TabOrder>
		<Font GUID="A6D7D77D-701C-4A37-BA78-70C3F0497885" Name="headerizom" />
		<Border Style="None" Width="2" />
		<MaxColWidth>20</MaxColWidth>
		<BackgroundColor RGB="#d8e4f9" />
		<RowIndentation>3</RowIndentation>
		<ExplicitIdentifier>
			<Identifier>Output_sinter_specs( 'MgO%', 'sp1' )</Identifier>
			<FirstColumn>2</FirstColumn>
			<HeaderText>""</HeaderText>
			<NumberFormat Width="7" Decimals="3" ThousandSeparator="true" Alignment="Center" />
		</ExplicitIdentifier>
	</PageObject>
	<PageObject Type="Table">
		<Location top="516" left="636" bottom="546" right="732" />
		<TabOrder>52</TabOrder>
		<Font GUID="A6D7D77D-701C-4A37-BA78-70C3F0497885" Name="headerizom" />
		<Border Style="None" Width="2" />
		<MaxColWidth>20</MaxColWidth>
		<BackgroundColor RGB="#d8e4f9" />
		<RowIndentation>3</RowIndentation>
		<ExplicitIdentifier>
			<Identifier>Output_sinter_specs( 'MnO%', 'sp1' )</Identifier>
			<FirstColumn>2</FirstColumn>
			<HeaderText>""</HeaderText>
			<NumberFormat Width="7" Decimals="3" ThousandSeparator="true" Alignment="Center" />
		</ExplicitIdentifier>
	</PageObject>
	<PageObject Type="Table">
		<Location top="546" left="636" bottom="576" right="732" />
		<TabOrder>25</TabOrder>
		<Font GUID="A6D7D77D-701C-4A37-BA78-70C3F0497885" Name="headerizom" />
		<Border Style="None" Width="2" />
		<MaxColWidth>20</MaxColWidth>
		<BackgroundColor RGB="#12387c" />
		<TextColor RGB="#ffffff" />
		<RowIndentation>3</RowIndentation>
		<ExplicitIdentifier>
			<Identifier>Output_sinter_specs( 'MnO%', 'sp2' )</Identifier>
			<FirstColumn>2</FirstColumn>
			<HeaderText>""</HeaderText>
			<NumberFormat Width="7" Decimals="3" ThousandSeparator="true" Alignment="Center" />
		</ExplicitIdentifier>
	</PageObject>
	<PageObject Type="Table">
		<Location top="546" left="540" bottom="576" right="636" />
		<TabOrder>23</TabOrder>
		<Font GUID="A6D7D77D-701C-4A37-BA78-70C3F0497885" Name="headerizom" />
		<Border Style="None" Width="2" />
		<MaxColWidth>20</MaxColWidth>
		<BackgroundColor RGB="#12387c" />
		<TextColor RGB="#ffffff" />
		<RowIndentation>3</RowIndentation>
		<ExplicitIdentifier>
			<Identifier>Output_sinter_specs( 'MgO%', 'sp2' )</Identifier>
			<FirstColumn>2</FirstColumn>
			<HeaderText>""</HeaderText>
			<NumberFormat Width="7" Decimals="3" ThousandSeparator="true" Alignment="Center" />
		</ExplicitIdentifier>
	</PageObject>
	<PageObject Type="Table">
		<Location top="546" left="444" bottom="576" right="540" />
		<TabOrder>22</TabOrder>
		<Font GUID="A6D7D77D-701C-4A37-BA78-70C3F0497885" Name="headerizom" />
		<Border Style="None" Width="2" />
		<MaxColWidth>20</MaxColWidth>
		<BackgroundColor RGB="#12387c" />
		<TextColor RGB="#ffffff" />
		<RowIndentation>3</RowIndentation>
		<ExplicitIdentifier>
			<Identifier>Output_sinter_specs( 'Al2O3%', 'sp2' )</Identifier>
			<FirstColumn>2</FirstColumn>
			<HeaderText>""</HeaderText>
			<NumberFormat Width="7" Decimals="3" ThousandSeparator="true" Alignment="Center" />
		</ExplicitIdentifier>
	</PageObject>
	<PageObject Type="Table">
		<Location top="546" left="348" bottom="576" right="444" />
		<TabOrder>21</TabOrder>
		<Font GUID="A6D7D77D-701C-4A37-BA78-70C3F0497885" Name="headerizom" />
		<Border Style="None" Width="2" />
		<MaxColWidth>20</MaxColWidth>
		<BackgroundColor RGB="#12387c" />
		<TextColor RGB="#ffffff" />
		<RowIndentation>3</RowIndentation>
		<ExplicitIdentifier>
			<Identifier>Output_sinter_specs( 'SiO2%', 'sp2' )</Identifier>
			<FirstColumn>2</FirstColumn>
			<HeaderText>""</HeaderText>
			<NumberFormat Width="7" Decimals="3" ThousandSeparator="true" Alignment="Center" />
		</ExplicitIdentifier>
	</PageObject>
	<PageObject Type="Table">
		<Location top="546" left="252" bottom="576" right="348" />
		<TabOrder>20</TabOrder>
		<Font GUID="A6D7D77D-701C-4A37-BA78-70C3F0497885" Name="headerizom" />
		<Border Style="None" Width="2" />
		<MaxColWidth>20</MaxColWidth>
		<BackgroundColor RGB="#12387c" />
		<TextColor RGB="#ffffff" />
		<RowIndentation>3</RowIndentation>
		<ExplicitIdentifier>
			<Identifier>Output_sinter_specs( 'CaO%', 'sp2' )</Identifier>
			<FirstColumn>2</FirstColumn>
			<HeaderText>""</HeaderText>
			<NumberFormat Width="7" Decimals="3" ThousandSeparator="true" Alignment="Center" />
		</ExplicitIdentifier>
	</PageObject>
	<PageObject Type="Table">
		<Location top="546" left="72" bottom="576" right="270" />
		<TabOrder>19</TabOrder>
		<Font GUID="A6D7D77D-701C-4A37-BA78-70C3F0497885" Name="headerizom" />
		<Border Style="None" Width="2" />
		<MaxColWidth>20</MaxColWidth>
		<BackgroundColor RGB="#12387c" />
		<TextColor RGB="#ffffff" />
		<RowIndentation>3</RowIndentation>
		<ExplicitIdentifier>
			<Identifier>Output_sinter_specs( 'Fe%', 'sp2' )</Identifier>
			<FirstColumn>2</FirstColumn>
			<HeaderText>"Sinter Plant 2    "</HeaderText>
			<NumberFormat Width="6" Decimals="2" ThousandSeparator="true" Alignment="Center" />
		</ExplicitIdentifier>
	</PageObject>
	<PageObject Type="Table">
		<Location top="606" left="636" bottom="636" right="732" />
		<TabOrder>29</TabOrder>
		<Font GUID="A6D7D77D-701C-4A37-BA78-70C3F0497885" Name="headerizom" />
		<Border Style="None" Width="2" />
		<MaxColWidth>20</MaxColWidth>
		<BackgroundColor RGB="#12387c" />
		<TextColor RGB="#ffffff" />
		<RowIndentation>3</RowIndentation>
		<ExplicitIdentifier>
			<Identifier>Output_pellet_specs( 'BF Pellet', 'MnO%', 'pp2' )</Identifier>
			<FirstColumn>3</FirstColumn>
			<HeaderText>""</HeaderText>
			<NumberFormat Width="7" Decimals="3" ThousandSeparator="true" Alignment="Center" />
		</ExplicitIdentifier>
	</PageObject>
	<PageObject Type="Table">
		<Location top="606" left="540" bottom="636" right="636" />
		<TabOrder>26</TabOrder>
		<Font GUID="A6D7D77D-701C-4A37-BA78-70C3F0497885" Name="headerizom" />
		<Border Style="None" Width="2" />
		<MaxColWidth>20</MaxColWidth>
		<BackgroundColor RGB="#12387c" />
		<TextColor RGB="#ffffff" />
		<RowIndentation>3</RowIndentation>
		<ExplicitIdentifier>
			<Identifier>Output_pellet_specs( 'BF Pellet', 'MgO%', 'pp2' )</Identifier>
			<FirstColumn>3</FirstColumn>
			<HeaderText>""</HeaderText>
			<NumberFormat Width="7" Decimals="3" ThousandSeparator="true" Alignment="Center" />
		</ExplicitIdentifier>
	</PageObject>
	<PageObject Type="Table">
		<Location top="606" left="444" bottom="636" right="540" />
		<TabOrder>28</TabOrder>
		<Font GUID="A6D7D77D-701C-4A37-BA78-70C3F0497885" Name="headerizom" />
		<Border Style="None" Width="2" />
		<MaxColWidth>20</MaxColWidth>
		<BackgroundColor RGB="#12387c" />
		<TextColor RGB="#ffffff" />
		<RowIndentation>3</RowIndentation>
		<ExplicitIdentifier>
			<Identifier>Output_pellet_specs( 'BF Pellet', 'Al2O3%', 'pp2' )</Identifier>
			<FirstColumn>3</FirstColumn>
			<HeaderText>""</HeaderText>
			<NumberFormat Width="7" Decimals="3" ThousandSeparator="true" Alignment="Center" />
		</ExplicitIdentifier>
	</PageObject>
	<PageObject Type="Table">
		<Location top="606" left="348" bottom="636" right="444" />
		<TabOrder>24</TabOrder>
		<Font GUID="A6D7D77D-701C-4A37-BA78-70C3F0497885" Name="headerizom" />
		<Border Style="None" Width="2" />
		<MaxColWidth>20</MaxColWidth>
		<BackgroundColor RGB="#12387c" />
		<TextColor RGB="#ffffff" />
		<RowIndentation>3</RowIndentation>
		<ExplicitIdentifier>
			<Identifier>Output_pellet_specs( 'BF Pellet', 'SiO2%', 'pp2' )</Identifier>
			<FirstColumn>3</FirstColumn>
			<HeaderText>""</HeaderText>
			<NumberFormat Width="7" Decimals="3" ThousandSeparator="true" Alignment="Center" />
		</ExplicitIdentifier>
	</PageObject>
	<PageObject Type="Table">
		<Location top="606" left="252" bottom="636" right="348" />
		<TabOrder>27</TabOrder>
		<Font GUID="A6D7D77D-701C-4A37-BA78-70C3F0497885" Name="headerizom" />
		<Border Style="None" Width="2" />
		<MaxColWidth>20</MaxColWidth>
		<BackgroundColor RGB="#12387c" />
		<TextColor RGB="#ffffff" />
		<RowIndentation>3</RowIndentation>
		<ExplicitIdentifier>
			<Identifier>Output_pellet_specs( 'BF Pellet', 'CaO%', 'pp2' )</Identifier>
			<FirstColumn>3</FirstColumn>
			<HeaderText>""</HeaderText>
			<NumberFormat Width="7" Decimals="3" ThousandSeparator="true" Alignment="Center" />
		</ExplicitIdentifier>
	</PageObject>
	<PageObject Type="Table">
		<Location top="606" left="72" bottom="636" right="270" />
		<TabOrder>18</TabOrder>
		<Font GUID="A6D7D77D-701C-4A37-BA78-70C3F0497885" Name="headerizom" />
		<Border Style="None" Width="2" />
		<MaxColWidth>20</MaxColWidth>
		<BackgroundColor RGB="#12387c" />
		<TextColor RGB="#ffffff" />
		<RowIndentation>3</RowIndentation>
		<ExplicitIdentifier>
			<Identifier>Output_pellet_specs( 'BF Pellet', 'Fe%', 'pp2' )</Identifier>
			<FirstColumn>3</FirstColumn>
			<HeaderText>"Pellet Plant 2     "</HeaderText>
			<NumberFormat Width="6" Decimals="2" ThousandSeparator="true" Alignment="Center" />
		</ExplicitIdentifier>
	</PageObject>
	<PageObject Type="Table">
		<Location top="324" left="234" bottom="354" right="330" />
		<TabOrder>7</TabOrder>
		<Font GUID="A6D7D77D-701C-4A37-BA78-70C3F0497885" Name="headerizom" />
		<Border Style="None" Width="2" />
		<MaxColWidth>20</MaxColWidth>
		<BackgroundColor RGB="#12387c" />
		<TextColor RGB="#ffffff" />
		<RowIndentation>3</RowIndentation>
		<ExplicitIdentifier>
			<Identifier>output_bf_ore_cost( 'bf2' )</Identifier>
			<FirstColumn>1</FirstColumn>
			<HeaderText>""</HeaderText>
			<NumberFormat Width="7" Decimals="0" ThousandSeparator="true" Alignment="Center" />
		</ExplicitIdentifier>
	</PageObject>
	<PageObject Type="Table">
		<Location top="324" left="48" bottom="354" right="252" />
		<TabOrder>1</TabOrder>
		<Font GUID="A6D7D77D-701C-4A37-BA78-70C3F0497885" Name="headerizom" />
		<Border Style="None" Width="2" />
		<MaxColWidth>20</MaxColWidth>
		<BackgroundColor RGB="#12387c" />
		<TextColor RGB="#ffffff" />
		<RowIndentation>3</RowIndentation>
		<ExplicitIdentifier>
			<Identifier>output_bf_ore_productions( 'bf2' )</Identifier>
			<FirstColumn>1</FirstColumn>
			<HeaderText>"Ore in BF2          "</HeaderText>
			<NumberFormat Width="5" Decimals="0" ThousandSeparator="true" Alignment="Center" />
		</ExplicitIdentifier>
	</PageObject>
	<PageObject Type="Table">
		<Location top="294" left="234" bottom="324" right="330" />
		<TabOrder>49</TabOrder>
		<Font GUID="A6D7D77D-701C-4A37-BA78-70C3F0497885" Name="headerizom" />
		<Border Style="None" Width="2" />
		<MaxColWidth>20</MaxColWidth>
		<BackgroundColor RGB="#d8e4f9" />
		<RowIndentation>3</RowIndentation>
		<ExplicitIdentifier>
			<Identifier>output_bf_ore_cost( 'bf1' )</Identifier>
			<FirstColumn>1</FirstColumn>
			<HeaderText>""</HeaderText>
			<NumberFormat Width="7" Decimals="0" ThousandSeparator="true" Alignment="Center" />
		</ExplicitIdentifier>
	</PageObject>
	<PageObject Type="Table">
		<Location top="294" left="48" bottom="324" right="252" />
		<TabOrder>44</TabOrder>
		<Font GUID="A6D7D77D-701C-4A37-BA78-70C3F0497885" Name="headerizom" />
		<Border Style="None" Width="2" />
		<MaxColWidth>20</MaxColWidth>
		<BackgroundColor RGB="#d8e4f9" />
		<RowIndentation>3</RowIndentation>
		<ExplicitIdentifier>
			<Identifier>output_bf_ore_productions( 'bf1' )</Identifier>
			<FirstColumn>1</FirstColumn>
			<HeaderText>"Ore in BF1          "</HeaderText>
			<NumberFormat Width="6" Decimals="0" ThousandSeparator="true" Alignment="Center" />
		</ExplicitIdentifier>
	</PageObject>
	<PageObject Type="Table">
		<Location top="348" left="768" bottom="378" right="864" />
		<TabOrder>11</TabOrder>
		<Font GUID="A6D7D77D-701C-4A37-BA78-70C3F0497885" Name="headerizom" />
		<Border Style="None" Width="2" />
		<MaxColWidth>20</MaxColWidth>
		<BackgroundColor RGB="#12387c" />
		<TextColor RGB="#ffffff" />
		<RowIndentation>3</RowIndentation>
		<ExplicitIdentifier>
			<Identifier>output_total_fuel_rate( 'bf2' )</Identifier>
			<FirstColumn>1</FirstColumn>
			<HeaderText>""</HeaderText>
			<NumberFormat Width="5" Decimals="1" Alignment="Center" />
		</ExplicitIdentifier>
	</PageObject>
	<PageObject Type="Table">
		<Location top="348" left="516" bottom="378" right="786" />
		<TabOrder>8</TabOrder>
		<Font GUID="A6D7D77D-701C-4A37-BA78-70C3F0497885" Name="headerizom" />
		<Border Style="None" Width="2" />
		<MaxColWidth>20</MaxColWidth>
		<BackgroundColor RGB="#12387c" />
		<TextColor RGB="#ffffff" />
		<RowIndentation>3</RowIndentation>
		<ExplicitIdentifier>
			<Identifier>output_total_fuel_rate( 'bf1' )</Identifier>
			<FirstColumn>1</FirstColumn>
			<HeaderText>"Total Fuel Rate (Kg/THM)"</HeaderText>
			<NumberFormat Width="7" Decimals="2" Alignment="Right" />
		</ExplicitIdentifier>
	</PageObject>
	<UsedReferences>
		<Model>
			<Symbol>output_sinter_total_production</Symbol>
			<Symbol>output_sinter_cost</Symbol>
			<Symbol>Output_sinter_specs</Symbol>
			<Symbol>output_pellet_production_2</Symbol>
			<Symbol>Output_pellet_cost</Symbol>
			<Symbol>Output_pellet_specs</Symbol>
			<Symbol>Output_burden_perc_2</Symbol>
			<Symbol>Output_burden_total_2</Symbol>
			<Symbol>Output_hm_cost_bf1</Symbol>
			<Symbol>Output_hm_cost_bf2</Symbol>
			<Symbol>Output_hm_produced_bf1</Symbol>
			<Symbol>Output_hm_produced_bf2</Symbol>
			<Symbol>output_bf_ore_cost</Symbol>
			<Symbol>output_bf_ore_productions</Symbol>
			<Symbol>output_slag_rate</Symbol>
			<Symbol>output_coke_fuel_rate</Symbol>
			<Symbol>output_pci_coal_used_2</Symbol>
			<Symbol>output_total_fuel_rate</Symbol>
		</Model>
	</UsedReferences>
</Page>
