<?xml version="1.0"?>
<Page Version="4000" TimeStamp="2019-07-10 08:21:51">
	<PageEditSize Type="Inherited" />
	<ProjectUUID>42753576-7FA5-47B2-98F5-5D57B482A1FC</ProjectUUID>
	<TemplatesTabOrderPosition>1</TemplatesTabOrderPosition>
	<Background Inherited="true" />
	<PageObject Type="File Name Object">
		<Location top="138" left="132" bottom="210" right="786" />
		<TabOrder>1</TabOrder>
		<Font GUID="2A210F3A-8F95-4798-A888-9936B8D34599" Name="Arial12b" />
		<Identifier>Workbook_Name</Identifier>
		<AllowedFiles>AnyFile</AllowedFiles>
		<Border Style="InShadow" Width="2" MarginTop="5" MarginRight="5" MarginBottom="5" MarginLeft="5" />
		<BackgroundColor RGB="#ffffff" />
	</PageObject>
	<PageObject Type="Button">
		<Location top="222" left="522" bottom="282" right="786" />
		<TabOrder>2</TabOrder>
		<LeaveOnEnter>false</LeaveOnEnter>
		<ButtonType>Text</ButtonType>
		<Title>"Write Results"</Title>
		<Font GUID="2A210F3A-8F95-4798-A888-9936B8D34599" Name="Arial12b" />
		<ActionSequence>
			<Action Type="Run">
				<RunWhat>SpecificProcecure</RunWhat>
				<Procedure>Write_Output</Procedure>
				<AbortOnError>true</AbortOnError>
			</Action>
		</ActionSequence>
	</PageObject>
	<UsedReferences>
		<Model>
			<Symbol>Workbook_Name</Symbol>
			<Symbol>Write_Output</Symbol>
		</Model>
	</UsedReferences>
</Page>
