{
  "version": "4.67.0",
  "application": {
    "aimms.widget.type": {
      "literal": "application"
    },
    "browsername": {
      "aimms": {
        "contents": [
          "webui::ClientBrowserName"
        ]
      }
    },
    "browsertimezone": {
      "aimms": {
        "contents": [
          "webui::BrowserTimeZone"
        ]
      }
    },
    "contents.partition": {
      "literal": {
        "cases": [
          "IndexCases"
        ],
        "properties": [
          "<IDENTIFIER-SET>"
        ]
      }
    },
    "ignoredst": {
      "aimms": {
        "contents": [
          "webui::IgnoreDST"
        ]
      }
    },
    "pages": {
      "literal": {
        "name": "root",
        "slug": "root",
        "children": [
          {
            "name": "Main Project",
            "slug": "main_project",
            "children": [
              {
                "name": "Model Run",
                "type": "page",
                "slug": "model_run",
                "children": []
              },
              {
                "name": "Coal Input Data",
                "type": "page",
                "slug": "coal_input_data",
                "children": []
              },
              {
                "name": "Sinter Input Data",
                "type": "page",
                "slug": "sinter_input_data",
                "children": []
              },
              {
                "name": "Coke Output",
                "type": "page",
                "slug": "coal_output",
                "children": []
              },
              {
                "name": "Pellet Output",
                "type": "page",
                "slug": "pellet_output",
                "children": []
              },
              {
                "name": "Sinter Output",
                "type": "page",
                "slug": "sinter_output",
                "children": []
              },
              {
                "name": "Blast Furnace Output",
                "type": "page",
                "slug": "blast_furnace_output",
                "children": []
              }
            ]
          }
        ]
      }
    },
    "theme.classic": {
      "literal": "NOT_ALLOWED"
    },
    "timezone": {
      "aimms": {
        "contents": [
          "webui::DisplayTimeZone"
        ]
      }
    },
    "timezone.dst.readonly": {
      "aimms": {
        "contents": [
          "webui::DefaultDSTSettingForDisplayTimeZone"
        ]
      }
    }
  },
  "pages/blast_furnace_output": {
    "aimms.widget.type": {
      "literal": "page"
    },
    "widgets": {
      "literal": [
        {
          "uri": "Coal Rate in BF",
          "layoutInfo": {
            "width": "2",
            "height": "1",
            "customPosition": "checked",
            "pos": {
              "x": "670",
              "y": "70"
            }
          }
        },
        {
          "uri": "Coke Rate",
          "layoutInfo": {
            "width": "2",
            "height": "1",
            "customPosition": "checked",
            "pos": {
              "x": "410",
              "y": "70"
            }
          }
        },
        {
          "uri": "Slag Chemistry",
          "layoutInfo": {
            "width": "2",
            "height": "2",
            "customPosition": "checked",
            "pos": {
              "x": "930",
              "y": "250"
            }
          }
        },
        {
          "uri": "Slag Rate",
          "layoutInfo": {
            "width": "2",
            "height": "1",
            "customPosition": "checked",
            "pos": {
              "x": "670",
              "y": "250"
            }
          }
        },
        {
          "uri": "HM Chemistry",
          "layoutInfo": {
            "width": "2",
            "height": "1",
            "customPosition": "checked",
            "pos": {
              "x": "410",
              "y": "430"
            }
          }
        },
        {
          "uri": "Burden Mix Quantity",
          "layoutInfo": {
            "width": "2",
            "height": "1",
            "customPosition": "checked",
            "pos": {
              "x": "410",
              "y": "260"
            }
          }
        },
        {
          "uri": "Burden Mix Ratio",
          "layoutInfo": {
            "width": "2",
            "height": "1",
            "customPosition": "checked",
            "pos": {
              "x": "140",
              "y": "260"
            }
          }
        },
        {
          "uri": "HM Cost",
          "layoutInfo": {
            "width": "2",
            "height": "1",
            "customPosition": "checked",
            "pos": {
              "x": "140",
              "y": "70"
            }
          }
        },
        {
          "uri": "logo_4",
          "layoutInfo": {
            "width": "2",
            "height": "1",
            "customPosition": "checked",
            "pos": {
              "x": "930",
              "y": "70"
            }
          }
        }
      ]
    }
  },
  "pages/coal_input_data": {
    "widgets": {
      "literal": [
        {
          "uri": "Coal Properties",
          "layoutInfo": {
            "width": "14",
            "height": "3",
            "customPosition": ""
          }
        },
        {
          "uri": "Coke Constraints",
          "layoutInfo": {
            "width": "5",
            "height": "5",
            "customPosition": ""
          }
        }
      ]
    },
    "aimms.widget.type": {
      "literal": "page"
    }
  },
  "pages/coal_output": {
    "aimms.widget.type": {
      "literal": "page"
    },
    "widgets": {
      "literal": [
        {
          "uri": "Coal Requirement",
          "layoutInfo": {
            "width": "3",
            "height": "2",
            "customPosition": "checked",
            "pos": {
              "x": "420",
              "y": "430"
            }
          }
        },
        {
          "uri": "Coke Cost_1",
          "layoutInfo": {
            "width": "2",
            "height": "2",
            "customPosition": "checked",
            "pos": {
              "x": "810",
              "y": "210"
            }
          }
        },
        {
          "uri": "Coke Properties",
          "layoutInfo": {
            "width": "2",
            "height": "2",
            "customPosition": "checked",
            "pos": {
              "x": "140",
              "y": "430"
            }
          }
        },
        {
          "uri": "logo_3",
          "layoutInfo": {
            "width": "2",
            "height": "1",
            "customPosition": "checked",
            "pos": {
              "x": "810",
              "y": "70"
            }
          }
        },
        {
          "uri": "coal properties_1",
          "layoutInfo": {
            "width": "2",
            "height": "2",
            "customPosition": "checked",
            "pos": {
              "x": "140",
              "y": "70"
            }
          }
        },
        {
          "uri": "Coal Mix Ratio",
          "layoutInfo": {
            "width": "3",
            "height": "2",
            "customPosition": "checked",
            "pos": {
              "x": "420",
              "y": "70"
            }
          }
        }
      ]
    }
  },
  "pages/model_run": {
    "widgets": {
      "literal": [
        {
          "uri": "Innovation",
          "layoutInfo": {
            "width": "2",
            "height": "1",
            "customPosition": "checked",
            "pos": {
              "x": "350",
              "y": "260"
            }
          }
        },
        {
          "uri": "Select File To Read Input Data",
          "layoutInfo": {
            "width": "2",
            "height": "1",
            "customPosition": "checked",
            "pos": {
              "x": "350",
              "y": "170"
            }
          }
        },
        {
          "uri": "Run Model",
          "layoutInfo": {
            "width": "2",
            "height": "1",
            "customPosition": "checked",
            "pos": {
              "x": "350",
              "y": "430"
            }
          }
        },
        {
          "uri": "Read Input Data_1",
          "layoutInfo": {
            "width": "2",
            "height": "1",
            "customPosition": "checked",
            "pos": {
              "x": "350",
              "y": "210"
            }
          }
        },
        {
          "uri": "Logo",
          "layoutInfo": {
            "width": "2",
            "height": "1",
            "customPosition": "checked",
            "pos": {
              "x": "890",
              "y": "70"
            }
          }
        }
      ]
    },
    "aimms.widget.type": {
      "literal": "page"
    }
  },
  "pages/pellet_output": {
    "aimms.widget.type": {
      "literal": "page"
    },
    "widgets": {
      "literal": [
        {
          "uri": "pellet_specs",
          "layoutInfo": {
            "width": "2",
            "height": "2",
            "customPosition": ""
          }
        },
        {
          "uri": "pellet_ai",
          "layoutInfo": {
            "width": "3",
            "height": "1",
            "customPosition": "checked",
            "pos": {
              "x": "470",
              "y": "250"
            }
          }
        },
        {
          "uri": "pellet_ore_ratio",
          "layoutInfo": {
            "width": "3",
            "height": "2",
            "customPosition": "checked",
            "pos": {
              "x": "80",
              "y": "70"
            }
          }
        },
        {
          "uri": "pellet_fluxes",
          "layoutInfo": {
            "width": "3",
            "height": "1",
            "customPosition": "checked",
            "pos": {
              "x": "470",
              "y": "70"
            }
          }
        },
        {
          "uri": "logo_6",
          "layoutInfo": {
            "width": "2",
            "height": "1",
            "customPosition": "checked",
            "pos": {
              "x": "860",
              "y": "70"
            }
          }
        }
      ]
    }
  },
  "pages/sinter_input_data": {
    "aimms.widget.type": {
      "literal": "page"
    },
    "widgets": {
      "literal": [
        {
          "uri": "Iron Ore Data",
          "layoutInfo": {
            "width": "10",
            "height": "3",
            "customPosition": ""
          }
        },
        {
          "uri": "Sinter Constraint",
          "layoutInfo": {
            "width": "5",
            "height": "3",
            "customPosition": ""
          }
        }
      ]
    }
  },
  "pages/sinter_output": {
    "widgets": {
      "literal": [
        {
          "uri": "Sinter TI",
          "layoutInfo": {
            "width": "2",
            "height": "1",
            "customPosition": "checked",
            "pos": {
              "x": "570",
              "y": "70"
            }
          }
        },
        {
          "uri": "Sinter Cost_1",
          "layoutInfo": {
            "width": "2",
            "height": "1",
            "customPosition": "checked",
            "pos": {
              "x": "570",
              "y": "240"
            }
          }
        },
        {
          "uri": "Sinter Ore Quantity",
          "layoutInfo": {
            "width": "3",
            "height": "1",
            "customPosition": "checked",
            "pos": {
              "x": "170",
              "y": "70"
            }
          }
        },
        {
          "uri": "Sinter Fluxes",
          "layoutInfo": {
            "width": "2",
            "height": "2",
            "customPosition": "checked",
            "pos": {
              "x": "850",
              "y": "200"
            }
          }
        },
        {
          "uri": "Sinter Ore Ratio",
          "layoutInfo": {
            "width": "3",
            "height": "1",
            "customPosition": "checked",
            "pos": {
              "x": "170",
              "y": "350"
            }
          }
        },
        {
          "uri": "logo_5",
          "layoutInfo": {
            "width": "2",
            "height": "1",
            "customPosition": "checked",
            "pos": {
              "x": "850",
              "y": "70"
            }
          }
        }
      ]
    },
    "aimms.widget.type": {
      "literal": "page"
    }
  },
  "widgets/Burden Mix Quantity": {
    "title": {
      "literal": "Burden Mix Quantity"
    },
    "contents.numdecimals": {
      "literal": 0
    },
    "aimms.widget.type": {
      "literal": "table"
    },
    "contents.partition": {
      "literal": {
        "rowHeader": [
          "bi"
        ],
        "colHeader": [],
        "aggregated": [
          "<IDENTIFIER-SET>"
        ]
      }
    },
    "contents": {
      "aimms": {
        "contents": [
          "Output_Burden_Quantity"
        ]
      }
    },
    "custom.column.widths": {
      "literal": [
        {
          "type": "colHeader",
          "colKey": {},
          "width": 15.282112845138056
        },
        {
          "type": "rowHeader",
          "colKey": "bi",
          "width": 26.413008130081296
        }
      ]
    },
    "name": {
      "literal": "Burden Mix Quantity"
    }
  },
  "widgets/Burden Mix Ratio": {
    "contents.partition": {
      "literal": {
        "rowHeader": [
          "bi"
        ],
        "colHeader": [],
        "aggregated": [
          "<IDENTIFIER-SET>"
        ]
      }
    },
    "contents": {
      "aimms": {
        "contents": [
          "Output_burden_mix"
        ]
      }
    },
    "aimms.widget.type": {
      "literal": "table"
    },
    "title": {
      "literal": "Burden Mix Ratio (%)"
    },
    "custom.column.widths": {
      "literal": [
        {
          "type": "rowHeader",
          "colKey": "bi",
          "width": 26.59999999999999
        },
        {
          "type": "colHeader",
          "colKey": {},
          "width": 20.42042042042042
        }
      ]
    },
    "contents.numdecimals": {
      "literal": 1
    },
    "name": {
      "literal": "Burden Mix Ratio"
    }
  },
  "widgets/Coal Mix Ratio": {
    "contents": {
      "aimms": {
        "contents": [
          "output_Coal_Ratio"
        ],
        "prefix": "aimms",
        "partition": {
          "rowHeader": [
            "ct",
            "cs"
          ],
          "colHeader": [
            "<IDENTIFIER-SET>"
          ],
          "aggregated": []
        },
        "totals": [
          {
            "indexName": "ct",
            "operators": [
              "sum"
            ]
          }
        ],
        "sorting": [
          {
            "partIndex": 0,
            "partOffsets": [
              -1,
              0
            ],
            "mode": "setorder"
          }
        ],
        "displaydomain": null,
        "slices": []
      }
    },
    "title": {
      "literal": "Coal Mix Ratio (%)"
    },
    "custom.column.widths": {
      "literal": [
        {
          "type": "rowHeader",
          "colKey": "ct",
          "width": 19.6
        },
        {
          "type": "rowHeader",
          "colKey": "<IDENTIFIER-SET>",
          "width": 11.4
        },
        {
          "type": "rowHeader",
          "colKey": "cs",
          "width": 26.59555555555555
        },
        {
          "type": "colHeader",
          "colKey": {},
          "width": 22.448979591836733
        },
        {
          "type": "colHeader",
          "colKey": {
            "<IDENTIFIER-SET>": "output_Coal_Ratio"
          },
          "width": 25.918367346938778
        }
      ]
    },
    "contents.totals": {
      "literal": [
        {
          "indexName": "ct",
          "operators": [
            "sum"
          ]
        }
      ]
    },
    "contents.numdecimals": {
      "literal": 2
    },
    "contents.sorting": {
      "literal": [
        {
          "partIndex": 0,
          "partOffsets": [
            -1,
            0
          ],
          "mode": "setorder"
        }
      ]
    },
    "contents.threshold.high": {
      "literal": 1.1
    },
    "aimms.widget.type": {
      "literal": "table"
    },
    "contents.threshold.low": {
      "literal": 0
    },
    "contents.partition": {
      "literal": {
        "rowHeader": [
          "ct",
          "cs"
        ],
        "colHeader": [
          "<IDENTIFIER-SET>"
        ],
        "aggregated": []
      }
    },
    "name": {
      "literal": "Coal Mix Ratio"
    }
  },
  "widgets/Coal Properties": {
    "custom.column.widths": {
      "literal": [
        {
          "type": "rowHeader",
          "colKey": "cs",
          "width": 30.4
        },
        {
          "type": "colHeader",
          "colKey": {
            "cp1": "Vitrinite"
          },
          "width": 37.95918367346939
        },
        {
          "type": "colHeader",
          "colKey": {
            "cp1": "Log fluidity"
          },
          "width": 21.63265306122449
        },
        {
          "type": "colHeader",
          "colKey": {
            "cp1": "Available Quantity(Tonn)"
          },
          "width": 24.693877551020408
        },
        {
          "type": "colHeader",
          "colKey": {
            "cp1": "CSN"
          },
          "width": 23.06122448979592
        },
        {
          "type": "colHeader",
          "colKey": {
            "cp1": "MMR"
          },
          "width": 22.6530612244898
        },
        {
          "type": "colHeader",
          "colKey": {
            "cp1": "S"
          },
          "width": 19.2
        }
      ]
    },
    "contents.partition": {
      "literal": {
        "rowHeader": [
          "ct",
          "cs"
        ],
        "colHeader": [
          "cp1"
        ],
        "aggregated": [
          "<IDENTIFIER-SET>"
        ]
      }
    },
    "aimms.widget.type": {
      "literal": "table"
    },
    "contents": {
      "aimms": {
        "contents": [
          "coal_data"
        ]
      }
    },
    "name": {
      "literal": "Coal Properties"
    }
  },
  "widgets/coal properties_1": {
    "aimms.widget.type": {
      "literal": "table"
    },
    "contents": {
      "aimms": {
        "contents": [
          "output_coal_specs"
        ]
      }
    },
    "contents.numdecimals": {
      "literal": 4
    },
    "contents.partition": {
      "literal": {
        "rowHeader": [
          "cp1"
        ],
        "colHeader": [
          "<IDENTIFIER-SET>"
        ],
        "aggregated": []
      }
    },
    "custom.column.widths": {
      "literal": [
        {
          "type": "rowHeader",
          "colKey": "cp1",
          "width": 27.8
        },
        {
          "type": "colHeader",
          "colKey": {},
          "width": 16.12244897959184
        },
        {
          "type": "colHeader",
          "colKey": {
            "<IDENTIFIER-SET>": "output_coal_specs"
          },
          "width": 20.20408163265306
        }
      ]
    },
    "name": {
      "literal": "coal properties_1"
    },
    "title": {
      "literal": "Coal Mix Properties (%)"
    }
  },
  "widgets/Coal Rate in BF": {
    "contents.partition": {
      "literal": {
        "rowHeader": [],
        "colHeader": [],
        "aggregated": [
          "<IDENTIFIER-SET>"
        ]
      }
    },
    "aimms.widget.type": {
      "literal": "scalar"
    },
    "title": {
      "literal": "PCI Coal Rate (Kg/THM)"
    },
    "contents.numdecimals": {
      "literal": 0
    },
    "contents": {
      "aimms": {
        "contents": [
          "output_pci_coal_used"
        ]
      }
    },
    "name": {
      "literal": "Coal Rate in BF"
    }
  },
  "widgets/Coal Requirement": {
    "contents": {
      "aimms": {
        "contents": [
          "output_coal_requirement"
        ]
      }
    },
    "aimms.widget.type": {
      "literal": "table"
    },
    "contents.numdecimals": {
      "literal": 2
    },
    "custom.column.widths": {
      "literal": [
        {
          "type": "rowHeader",
          "colKey": "cs",
          "width": 30.199999999999997
        },
        {
          "type": "rowHeader",
          "colKey": "ct",
          "width": 16.999999999999998
        },
        {
          "type": "colHeader",
          "colKey": {
            "<IDENTIFIER-SET>": "output_coal_requirement"
          },
          "width": 26.226226226226229
        }
      ]
    },
    "title": {
      "literal": "Total Coal Requirement per Day"
    },
    "contents.partition": {
      "literal": {
        "rowHeader": [
          "ct",
          "cs"
        ],
        "colHeader": [
          "<IDENTIFIER-SET>"
        ],
        "aggregated": []
      }
    },
    "name": {
      "literal": "Coal Requirement"
    }
  },
  "widgets/Coke Constraints": {
    "aimms.widget.type": {
      "literal": "table"
    },
    "custom.column.widths": {
      "literal": [
        {
          "type": "colHeader",
          "colKey": {
            "ccb": "Upper Bound"
          },
          "width": 23.877551020408168
        },
        {
          "type": "colHeader",
          "colKey": {
            "ccb": "Lower Bound"
          },
          "width": 22
        },
        {
          "type": "rowHeader",
          "colKey": "ccp",
          "width": 43.502097902097897
        },
        {
          "type": "colHeader",
          "colKey": {
            "ccb": "Constraints to consider(1-Yes, 0 - No"
          },
          "width": 33.51984749943934
        },
        {
          "type": "rowHeader",
          "colKey": "ccb",
          "width": 26.8
        }
      ]
    },
    "contents": {
      "aimms": {
        "contents": [
          "coke_c_data"
        ]
      }
    },
    "contents.partition": {
      "literal": {
        "rowHeader": [
          "ccp"
        ],
        "colHeader": [
          "ccb"
        ],
        "aggregated": [
          "<IDENTIFIER-SET>"
        ]
      }
    },
    "name": {
      "literal": "Coke Constraints"
    }
  },
  "widgets/Coke Cost_1": {
    "contents": {
      "aimms": {
        "contents": [
          "output_coke_cost",
          "output_coke_net_cost",
          "output_co_gas_generation",
          "output_coke_produced"
        ]
      }
    },
    "contents.labels.visible": {
      "literal": 1
    },
    "contents.displaydomain": {
      "literal": {
        "coke_cost": "1",
        "output_co_gas_generation": "1"
      }
    },
    "aimms.widget.type": {
      "literal": "scalar"
    },
    "contents.numdecimals": {
      "literal": 0
    },
    "title": {
      "literal": "Coke Cost (Rs/T Coke)"
    },
    "multi.line": {
      "literal": 0
    },
    "widget.visible": {
      "literal": 1
    },
    "show.units": {
      "literal": 1
    },
    "name": {
      "literal": "Coke Cost_1"
    }
  },
  "widgets/Coke Properties": {
    "aimms.widget.type": {
      "literal": "table"
    },
    "custom.column.widths": {
      "literal": [
        {
          "type": "colHeader",
          "colKey": {},
          "width": 20.76406172224988
        },
        {
          "type": "colHeader",
          "colKey": {
            "<IDENTIFIER-SET>": "output_coke_specs"
          },
          "width": 19.43269050739562
        },
        {
          "type": "rowHeader",
          "colKey": "ccp",
          "width": 25.80139497161394
        }
      ]
    },
    "contents.partition": {
      "literal": {
        "rowHeader": [
          "ccp"
        ],
        "colHeader": [
          "<IDENTIFIER-SET>"
        ],
        "aggregated": []
      }
    },
    "title": {
      "literal": "Coke Properties"
    },
    "contents.numdecimals": {
      "literal": 1
    },
    "contents": {
      "aimms": {
        "contents": [
          "output_coke_specs"
        ]
      }
    },
    "name": {
      "literal": "Coke Properties"
    }
  },
  "widgets/Coke Rate": {
    "aimms.widget.type": {
      "literal": "scalar"
    },
    "contents.numdecimals": {
      "literal": 0
    },
    "contents": {
      "aimms": {
        "contents": [
          "output_coke_used"
        ]
      }
    },
    "contents.partition": {
      "literal": {
        "rowHeader": [],
        "colHeader": [],
        "aggregated": [
          "<IDENTIFIER-SET>"
        ]
      }
    },
    "title": {
      "literal": "Coke Rate (Kg/THM)"
    },
    "name": {
      "literal": "Coke Rate"
    }
  },
  "widgets/HM Chemistry": {
    "contents": {
      "aimms": {
        "contents": [
          "Output_hm_chemistry"
        ]
      }
    },
    "contents.partition": {
      "literal": {
        "rowHeader": [
          "he"
        ],
        "colHeader": [],
        "aggregated": [
          "<IDENTIFIER-SET>"
        ]
      }
    },
    "contents.numdecimals": {
      "literal": 2
    },
    "aimms.widget.type": {
      "literal": "table"
    },
    "custom.column.widths": {
      "literal": [
        {
          "type": "colHeader",
          "colKey": {},
          "width": 23.26530612244898
        },
        {
          "type": "rowHeader",
          "colKey": "he",
          "width": 24.8
        }
      ]
    },
    "title": {
      "literal": "HM Chemistry"
    },
    "name": {
      "literal": "HM Chemistry"
    }
  },
  "widgets/HM Cost": {
    "contents": {
      "aimms": {
        "contents": [
          "Output_hm_cost"
        ]
      }
    },
    "contents.numdecimals": {
      "literal": 0
    },
    "aimms.widget.type": {
      "literal": "scalar"
    },
    "contents.partition": {
      "literal": {
        "rowHeader": [],
        "colHeader": [],
        "aggregated": [
          "<IDENTIFIER-SET>"
        ]
      }
    },
    "title": {
      "literal": "HM Cost (Rs / THM)"
    },
    "name": {
      "literal": "HM Cost"
    }
  },
  "widgets/Innovation": {
    "aimms.widget.type": {
      "literal": "image"
    },
    "contents": {
      "aimms": {
        "contents": [
          "inova"
        ]
      }
    },
    "name": {
      "literal": "Innovation"
    }
  },
  "widgets/Iron Ore Data": {
    "contents.partition": {
      "literal": {
        "rowHeader": [
          "os"
        ],
        "colHeader": [
          "op1"
        ],
        "aggregated": [
          "<IDENTIFIER-SET>"
        ]
      }
    },
    "title": {
      "literal": "Iron Ore Properties"
    },
    "contents.numdecimals": {
      "literal": 2
    },
    "contents": {
      "aimms": {
        "contents": [
          "ore_data"
        ]
      }
    },
    "aimms.widget.type": {
      "literal": "table"
    },
    "custom.column.widths": {
      "literal": [
        {
          "type": "rowHeader",
          "colKey": "os",
          "width": 33.39999999999999
        },
        {
          "type": "colHeader",
          "colKey": {
            "op1": "Max Quantity Available"
          },
          "width": 23.91860465116279
        },
        {
          "type": "colHeader",
          "colKey": {
            "op1": "Cost Rs/Tonn"
          },
          "width": 24.8
        },
        {
          "type": "colHeader",
          "colKey": {
            "op1": "Maximum"
          },
          "width": 17.2
        }
      ]
    },
    "name": {
      "literal": "Iron Ore Data"
    }
  },
  "widgets/Logo": {
    "aimms.widget.type": {
      "literal": "image"
    },
    "contents": {
      "aimms": {
        "contents": [
          "logo"
        ]
      }
    },
    "name": {
      "literal": "Logo"
    }
  },
  "widgets/logo_3": {
    "contents": {
      "aimms": {
        "contents": [
          "logo"
        ]
      }
    },
    "aimms.widget.type": {
      "literal": "image"
    },
    "name": {
      "literal": "logo_3"
    }
  },
  "widgets/logo_4": {
    "aimms.widget.type": {
      "literal": "image"
    },
    "contents": {
      "aimms": {
        "contents": [
          "logo"
        ]
      }
    },
    "name": {
      "literal": "logo_4"
    }
  },
  "widgets/logo_5": {
    "contents": {
      "aimms": {
        "contents": [
          "logo"
        ]
      }
    },
    "aimms.widget.type": {
      "literal": "image"
    },
    "name": {
      "literal": "logo_5"
    }
  },
  "widgets/logo_6": {
    "contents": {
      "aimms": {
        "contents": [
          "logo"
        ]
      }
    },
    "aimms.widget.type": {
      "literal": "image"
    },
    "name": {
      "literal": "logo_6"
    }
  },
  "widgets/pellet_ai": {
    "aimms.widget.type": {
      "literal": "table"
    },
    "title": {
      "literal": "Pellet Properties"
    },
    "custom.column.widths": {
      "literal": [
        {
          "type": "colHeader",
          "colKey": {
            "pt": "SIP Pellet"
          },
          "width": 21.428571428571428
        },
        {
          "type": "colHeader",
          "colKey": {
            "pt": "BF Pellet"
          },
          "width": 16
        },
        {
          "type": "rowHeader",
          "width": 21.8
        },
        {
          "type": "rowHeader",
          "colKey": "<IDENTIFIER-SET>",
          "width": 33.8
        }
      ]
    },
    "contents.partition": {
      "literal": {
        "rowHeader": [
          "<IDENTIFIER-SET>"
        ],
        "colHeader": [
          "pt"
        ],
        "aggregated": []
      }
    },
    "contents": {
      "aimms": {
        "contents": [
          "Output_pellet_ai",
          "Output_pellet_ti",
          "Output_pellet_CCS"
        ]
      }
    },
    "name": {
      "literal": "pellet_ai"
    }
  },
  "widgets/pellet_fluxes": {
    "contents": {
      "aimms": {
        "contents": [
          "Output_pellet_Fluxes"
        ]
      }
    },
    "title": {
      "literal": "Pellet Fluxes (Kg/T Pellet)"
    },
    "aimms.widget.type": {
      "literal": "table"
    },
    "custom.column.widths": {
      "literal": [
        {
          "type": "colHeader",
          "colKey": {
            "fs": "LCP quick lime"
          },
          "width": 15.510204081632653
        },
        {
          "type": "colHeader",
          "colKey": {
            "pt": "SIP Pellet"
          },
          "width": 19.148400100781058
        },
        {
          "type": "colHeader",
          "colKey": {
            "pt": "BF Pellet"
          },
          "width": 18.6
        },
        {
          "type": "rowHeader",
          "colKey": "fs",
          "width": 35.99999999999999
        }
      ]
    },
    "contents.partition": {
      "literal": {
        "rowHeader": [
          "fs"
        ],
        "colHeader": [
          "pt"
        ],
        "aggregated": [
          "<IDENTIFIER-SET>"
        ]
      }
    },
    "name": {
      "literal": "pellet_fluxes"
    }
  },
  "widgets/pellet_ore_ratio": {
    "contents": {
      "aimms": {
        "contents": [
          "Output_pellet_ore_ratio"
        ]
      }
    },
    "custom.column.widths": {
      "literal": [
        {
          "type": "rowHeader",
          "colKey": "pt",
          "width": 29.2
        },
        {
          "type": "colHeader",
          "colKey": {
            "<IDENTIFIER-SET>": "Output_pellet_ore_ratio",
            "pt": "SIP Pellet"
          },
          "width": 15.102040816326529
        },
        {
          "type": "colHeader",
          "colKey": {
            "<IDENTIFIER-SET>": "Output_pellet_ore_ratio",
            "pt": "BF Pellet"
          },
          "width": 14.4
        },
        {
          "type": "colHeader",
          "colKey": {
            "pt": "SIP Pellet"
          },
          "width": 15.510204081632653
        },
        {
          "type": "colHeader",
          "colKey": {
            "pt": "BF Pellet"
          },
          "width": 14.2
        },
        {
          "type": "rowHeader",
          "colKey": "os",
          "width": 41.4
        }
      ]
    },
    "contents.partition": {
      "literal": {
        "rowHeader": [
          "os"
        ],
        "colHeader": [
          "pt"
        ],
        "aggregated": [
          "<IDENTIFIER-SET>"
        ]
      }
    },
    "title": {
      "literal": "Ore Mix Ratio (%)"
    },
    "contents.numdecimals": {
      "literal": 1
    },
    "aimms.widget.type": {
      "literal": "table"
    },
    "name": {
      "literal": "pellet_ore_ratio"
    }
  },
  "widgets/pellet_specs": {
    "contents": {
      "aimms": {
        "contents": [
          "Output_pellet_specs"
        ]
      }
    },
    "contents.partition": {
      "literal": {
        "rowHeader": [
          "op1"
        ],
        "colHeader": [
          "pt"
        ],
        "aggregated": [
          "<IDENTIFIER-SET>"
        ]
      }
    },
    "custom.column.widths": {
      "literal": [
        {
          "type": "colHeader",
          "colKey": {
            "pt": "SIP Pellet"
          },
          "width": 13.673469387755102
        },
        {
          "type": "colHeader",
          "colKey": {
            "pt": "BF Pellet"
          },
          "width": 13.6
        },
        {
          "type": "rowHeader",
          "colKey": "op1",
          "width": 23
        }
      ]
    },
    "aimms.widget.type": {
      "literal": "table"
    },
    "name": {
      "literal": "pellet_specs"
    }
  },
  "widgets/Read Input Data_1": {
    "action": {
      "literal": {
        "type": "procedure",
        "value": "Read_Input_Data"
      }
    },
    "aimms.widget.type": {
      "literal": "button"
    },
    "title": {
      "literal": "Read Input Data_1"
    },
    "name": {
      "literal": "Read Input Data_1"
    }
  },
  "widgets/Run Model": {
    "title": {
      "literal": "Run Model"
    },
    "action": {
      "literal": {
        "type": "procedure",
        "value": "MainExecution"
      }
    },
    "aimms.widget.type": {
      "literal": "button"
    },
    "name": {
      "literal": "Run Model"
    }
  },
  "widgets/Select File To Read Input Data": {
    "aimms.widget.type": {
      "literal": "label"
    },
    "contents": {
      "literal": "Select File To Read Input Data"
    },
    "name": {
      "literal": "Select File To Read Input Data"
    }
  },
  "widgets/Sinter Constraint": {
    "contents": {
      "aimms": {
        "contents": [
          "sinter_constraints_data"
        ]
      }
    },
    "contents.partition": {
      "literal": {
        "rowHeader": [
          "scp"
        ],
        "colHeader": [
          "scb"
        ],
        "aggregated": [
          "<IDENTIFIER-SET>"
        ]
      }
    },
    "aimms.widget.type": {
      "literal": "table"
    },
    "custom.column.widths": {
      "literal": [
        {
          "type": "colHeader",
          "colKey": {
            "scb": "Constraints to consider(1-Yes, 0 - No)"
          },
          "width": 19.387755102040818
        },
        {
          "type": "colHeader",
          "colKey": {
            "scb": "Upper Bound"
          },
          "width": 23.26530612244898
        },
        {
          "type": "colHeader",
          "colKey": {
            "scb": "Lower Bound"
          },
          "width": 21.8
        },
        {
          "type": "colHeader",
          "colKey": {
            "scb": "Unit"
          },
          "width": 17.6
        },
        {
          "type": "rowHeader",
          "colKey": "scp",
          "width": 36.6
        }
      ]
    },
    "name": {
      "literal": "Sinter Constraint"
    }
  },
  "widgets/Sinter Cost_1": {
    "aimms.widget.type": {
      "literal": "scalar"
    },
    "title": {
      "literal": "Sinter Cost (Rs/T Net Sinter)"
    },
    "contents.partition": {
      "literal": {
        "keys": [],
        "aggregated": [
          "<IDENTIFIER-SET>"
        ]
      }
    },
    "contents": {
      "aimms": {
        "contents": [
          "output_sinter_cost"
        ]
      }
    },
    "contents.numdecimals": {
      "literal": 0
    },
    "name": {
      "literal": "Sinter Cost_1"
    }
  },
  "widgets/Sinter Fluxes": {
    "custom.column.widths": {
      "literal": [
        {
          "type": "rowHeader",
          "colKey": "fs",
          "width": 28.8
        },
        {
          "type": "colHeader",
          "colKey": {
            "<IDENTIFIER-SET>": "Output_sinter_fluxes"
          },
          "width": 17.61761761761762
        }
      ]
    },
    "title": {
      "literal": "Sinter Fluxes per Ton Sinter"
    },
    "contents.partition": {
      "literal": {
        "rowHeader": [
          "fs"
        ],
        "colHeader": [
          "<IDENTIFIER-SET>"
        ],
        "aggregated": []
      }
    },
    "contents": {
      "aimms": {
        "contents": [
          "Output_sinter_fluxes"
        ]
      }
    },
    "contents.numdecimals": {
      "literal": 2
    },
    "aimms.widget.type": {
      "literal": "table"
    },
    "name": {
      "literal": "Sinter Fluxes"
    }
  },
  "widgets/Sinter Ore Quantity": {
    "aimms.widget.type": {
      "literal": "table"
    },
    "contents.numdecimals": {
      "literal": 1
    },
    "title": {
      "literal": "Sinter Ore Quantity Per Ton Sinter"
    },
    "custom.column.widths": {
      "literal": [
        {
          "type": "colHeader",
          "colKey": {
            "<IDENTIFIER-SET>": "Output_sinter_ore_quantity"
          },
          "width": 22.06993392544861
        },
        {
          "type": "rowHeader",
          "colKey": "os",
          "width": 48.05300613496932
        }
      ]
    },
    "contents": {
      "aimms": {
        "contents": [
          "Output_sinter_ore_quantity"
        ]
      }
    },
    "contents.partition": {
      "literal": {
        "rowHeader": [
          "os"
        ],
        "colHeader": [
          "<IDENTIFIER-SET>"
        ],
        "aggregated": []
      }
    },
    "name": {
      "literal": "Sinter Ore Quantity"
    }
  },
  "widgets/Sinter Ore Ratio": {
    "contents": {
      "aimms": {
        "contents": [
          "Output_sinter_ore_Ratio"
        ]
      }
    },
    "aimms.widget.type": {
      "literal": "table"
    },
    "show.units": {
      "literal": 1
    },
    "custom.column.widths": {
      "literal": [
        {
          "type": "colHeader",
          "colKey": {
            "os": "Ore Fines - Odisha (61% Grade)"
          },
          "width": 26.53061224489796
        },
        {
          "type": "colHeader",
          "colKey": {},
          "width": 32.04081632653061
        },
        {
          "type": "rowHeader",
          "colKey": "os",
          "width": 42.99999999999999
        },
        {
          "type": "colHeader",
          "colKey": {
            "<IDENTIFIER-SET>": "Output_sinter_ore_Ratio"
          },
          "width": 28.028028028028034
        }
      ]
    },
    "title": {
      "literal": "Sinter Ore Ratio"
    },
    "contents.partition": {
      "literal": {
        "rowHeader": [
          "os"
        ],
        "colHeader": [
          "<IDENTIFIER-SET>"
        ],
        "aggregated": []
      }
    },
    "name": {
      "literal": "Sinter Ore Ratio"
    }
  },
  "widgets/Sinter TI": {
    "contents.partition": {
      "literal": {
        "rowHeader": [],
        "colHeader": [],
        "aggregated": [
          "<IDENTIFIER-SET>"
        ]
      }
    },
    "title": {
      "literal": "Sinter TI"
    },
    "aimms.widget.type": {
      "literal": "scalar"
    },
    "contents.numdecimals": {
      "literal": 1
    },
    "contents": {
      "aimms": {
        "contents": [
          "output_sinter_ti"
        ]
      }
    },
    "name": {
      "literal": "Sinter TI"
    }
  },
  "widgets/Slag Chemistry": {
    "contents": {
      "aimms": {
        "contents": [
          "Output_slag_chemistry"
        ]
      }
    },
    "title": {
      "literal": "Slag Chemistry"
    },
    "contents.partition": {
      "literal": {
        "rowHeader": [
          "ccp1"
        ],
        "colHeader": [],
        "aggregated": [
          "<IDENTIFIER-SET>"
        ]
      }
    },
    "contents.numdecimals": {
      "literal": 2
    },
    "custom.column.widths": {
      "literal": [
        {
          "type": "colHeader",
          "colKey": {},
          "width": 17.524516300026506
        },
        {
          "type": "rowHeader",
          "colKey": "ccp1",
          "width": 28.04601769911504
        }
      ]
    },
    "aimms.widget.type": {
      "literal": "table"
    },
    "name": {
      "literal": "Slag Chemistry"
    }
  },
  "widgets/Slag Rate": {
    "title": {
      "literal": "Slag Rate (Kg/THM)"
    },
    "aimms.widget.type": {
      "literal": "scalar"
    },
    "contents": {
      "aimms": {
        "contents": [
          "output_slag_rate"
        ]
      }
    },
    "contents.partition": {
      "literal": {
        "keys": [],
        "aggregated": [
          "<IDENTIFIER-SET>"
        ]
      }
    },
    "contents.numdecimals": {
      "literal": 0
    },
    "name": {
      "literal": "Slag Rate"
    }
  }
}