<?xml version="1.0"?>
<ColorScheme InternalID="0">
	<RGB>#0000ff</RGB>
	<RGB>#ffff00</RGB>
	<RGB>#ff0000</RGB>
	<RGB>#00ff00</RGB>
	<RGB>#ff00ff</RGB>
	<RGB>#00ffff</RGB>
	<RGB>#808080</RGB>
	<RGB>#c0c0c0</RGB>
</ColorScheme>
<ColorScheme InternalID="1">
	<RGB>#18479f</RGB>
	<RGB>#d8e4f9</RGB>
	<RGB>#1c54b9</RGB>
	<RGB>#0000ff</RGB>
	<RGB>#8000ff</RGB>
	<RGB>#0080ff</RGB>
	<RGB>#d8e4f9</RGB>
</ColorScheme>
<ColorScheme InternalID="2">
	<RGB>#d8e4f9</RGB>
	<RGB>#000000</RGB>
	<RGB>#18479f</RGB>
</ColorScheme>
